Mess_Datum,Qualitaets_Niveau,BEDECKUNGSGRAD,REL_FEUCHTE,DAMPFDRUCK,LUFTTEMPERATUR,LUFTDRUCK_STATIONSHOEHE,WINDGESCHWINDIGKEIT,LUFTTEMP_AM_ERDB_MINIMUM,LUFTTEMPERATUR_MINIMUM,LUFTTEMPERATUR_MAXIMUM,WINDSPITZE_MAXIMUM,NIEDERSCHLAGSHOEHE_IND,NIEDERSCHLAGSHOEHE,SONNENSCHEINDAUER,SCHNEEHOEHE
20110401,3,7.2,83.83,12.8,13.3,993.93,5.9,9.2,11.0,16.2,14.5,6,0.0,0.133,0
20110402,3,3.8,62.54,11.4,16.8,987.4,4.7,4.2,8.8,23.1,11.9,0,0.0,10.867,0
20110403,3,7.3,88.58,11.5,10.8,986.38,2.8,7.9,8.3,12.8,8.6,6,9.9,0.483,0
20110404,3,6.5,78.33,9.1,9.2,993.48,6.1,3.2,5.4,12.8,12.9,6,0.0,2.683,0
20110405,3,6.5,70.63,8.0,8.8,997.46,7.2,3.1,5.0,13.2,14.2,6,0.9,0.083,0
20110406,3,5.7,74.25,12.8,15.1,999.5,5.9,9.3,10.3,20.1,11.6,0,0.0,9.1,0
20110407,3,3.8,69.71,11.7,15.0,997.86,5.7,5.6,8.0,19.2,11.3,0,0.0,9.7,0
20110408,3,2.8,73.54,9.8,11.4,997.82,3.0,3.5,6.3,16.8,7.7,0,0.0,7.617,0
20110409,3,2.3,65.83,7.7,9.9,997.27,2.4,1.5,4.6,15.9,6.6,0,0.0,9.65,0
20110410,3,1.2,60.67,8.2,12.0,995.89,3.5,2.0,4.8,19.0,8.2,0,0.0,10.7,0
20110411,3,4.9,55.29,9.7,15.6,992.51,4.4,4.1,9.0,22.4,15.7,6,2.1,8.317,0
20110412,3,4.8,77.79,8.0,7.4,995.85,7.0,1.1,2.9,10.6,16.7,8,1.9,6.35,0
20110413,3,4.0,66.5,6.6,7.2,994.88,4.0,-0.3,1.9,12.4,10.4,0,0.0,6.45,0
20110414,3,7.3,61.75,6.7,8.5,991.43,1.6,1.5,5.4,12.2,6.0,0,0.0,1.567,0
20110415,3,2.2,53.83,6.1,9.5,992.64,2.8,-2.1,2.6,14.1,8.5,0,0.0,11.4,0
20110416,3,5.8,48.96,6.1,10.4,994.6,2.1,0.3,4.9,15.6,5.5,0,0.0,5.35,0
20110417,3,4.0,45.38,6.0,11.6,996.32,2.8,0.6,5.9,16.0,9.9,0,0.0,9.417,0
20110418,3,1.3,48.42,6.8,12.7,991.73,3.9,0.2,4.5,19.9,9.3,0,0.0,12.9,0
20110419,3,0.9,40.58,7.7,16.8,987.87,3.2,5.7,11.3,23.0,7.8,0,0.0,12.4,0
20110420,3,0.5,40.63,7.5,16.7,987.91,3.0,4.6,9.8,22.8,7.4,0,0.0,12.75,0
20110421,3,2.0,37.17,7.8,18.8,987.08,2.9,6.6,12.3,24.7,7.0,0,0.0,12.067,0
20110422,3,3.1,51.33,10.0,17.3,983.25,2.9,6.4,10.8,24.5,11.8,6,0.2,5.217,0
20110423,3,3.7,54.42,11.0,18.0,983.85,3.1,6.4,10.7,24.2,9.7,0,0.0,6.35,0
20110424,3,0.9,53.67,10.6,17.7,988.3,2.8,5.5,9.3,23.2,7.4,0,0.0,12.067,0
20110425,3,0.1,47.17,8.0,15.9,991.84,4.1,3.7,9.5,22.0,10.3,0,0.0,13.367,0
20110426,3,2.4,52.96,8.9,15.0,992.23,3.4,2.3,8.2,19.7,10.3,0,0.0,11.567,0
20110427,3,7.2,90.96,10.4,8.8,991.05,2.5,5.2,6.4,11.0,6.1,6,7.2,0.0,0
20110428,3,5.7,87.83,12.1,11.8,986.26,2.6,5.9,9.0,16.6,7.6,6,10.0,3.65,0
20110429,3,5.7,75.17,11.7,14.1,982.83,4.6,5.6,7.2,21.2,19.2,6,0.0,9.3,0
20110430,3,2.5,68.88,10.7,14.0,981.07,5.4,5.7,8.1,21.0,15.5,0,0.0,10.867,0
20110501,3,0.8,59.88,8.4,12.2,982.34,5.2,3.9,5.7,18.3,10.8,0,0.0,13.583,0
20110502,3,2.3,58.83,6.9,9.5,982.15,5.6,2.7,4.6,14.8,12.4,0,0.0,13.15,0
20110503,3,0.9,56.71,5.9,8.0,987.21,4.4,-1.5,2.7,13.3,10.8,0,0.0,13.367,0
20110504,3,1.1,57.54,6.1,8.2,993.17,2.4,-3.9,1.2,13.8,6.2,0,0.0,11.5,0
20110505,3,6.1,54.58,7.0,11.5,994.48,2.7,-1.6,3.0,17.6,7.7,0,0.0,12.9,0
20110506,3,6.5,43.75,8.0,16.2,991.76,3.1,4.1,7.4,22.0,8.2,0,0.0,12.283,0
20110507,3,5.2,39.71,9.7,20.9,989.6,5.8,13.2,15.7,25.9,13.2,0,0.0,13.033,0
20110508,3,4.2,35.33,9.5,21.9,990.2,3.7,11.3,16.0,27.8,9.6,6,0.0,10.567,0
20110509,3,4.4,70.63,13.6,17.0,994.78,2.0,8.3,12.6,22.2,7.0,6,0.0,2.367,0
20110510,3,6.0,76.63,14.4,16.9,996.7,2.3,9.6,11.8,23.7,10.1,6,0.1,6.383,0
20110511,3,5.0,66.5,11.7,15.9,994.88,3.7,9.4,11.7,20.5,9.5,0,0.0,11.6,0
20110512,3,3.8,66.67,9.7,12.8,991.45,4.0,4.0,6.9,17.9,12.4,0,0.0,7.283,0
20110513,3,4.0,55.5,8.1,13.4,992.96,3.0,4.9,7.5,19.4,9.5,0,0.0,10.367,0
20110514,3,4.3,60.58,8.1,11.5,989.27,4.5,5.2,7.0,16.8,11.7,6,1.0,8.317,0
20110515,3,6.4,78.75,9.5,9.8,994.37,4.4,4.3,5.8,13.6,13.5,6,5.2,3.517,0
20110516,3,7.1,83.0,11.3,11.5,995.24,5.6,8.8,9.4,13.8,13.0,6,0.3,1.55,0
20110517,3,6.4,74.33,11.1,13.2,992.95,4.9,6.4,9.1,18.3,10.9,6,0.0,6.067,0
20110518,3,6.5,68.46,11.5,15.1,989.48,3.5,5.5,8.4,22.3,9.8,0,0.0,7.517,0
20110519,3,6.8,77.67,13.4,15.2,989.55,2.0,8.4,10.8,20.4,7.8,0,0.0,2.883,0
20110520,3,5.8,74.46,13.4,16.0,991.23,2.5,5.9,9.6,21.4,7.3,6,0.2,6.767,0
20110521,3,1.6,64.21,11.6,16.0,992.96,1.8,4.1,7.5,22.5,5.7,6,0.5,13.183,0
20110522,3,5.0,62.21,11.4,16.0,990.37,6.6,7.0,8.8,21.3,17.2,6,2.5,7.817,0
20110523,3,4.3,54.71,9.1,15.3,995.61,5.0,6.9,8.3,22.2,10.6,0,0.0,14.25,0
20110524,3,5.3,56.29,8.4,13.3,997.03,5.4,1.4,6.5,17.3,12.4,0,0.0,10.817,0
20110525,3,1.3,41.21,6.2,14.7,996.82,2.7,0.5,4.9,22.2,7.5,0,0.0,14.867,0
20110526,3,4.9,48.04,8.7,16.1,983.7,7.6,6.7,11.1,21.8,18.0,6,0.0,7.983,0
20110527,3,6.3,81.17,10.5,10.8,988.05,5.7,5.5,7.7,14.0,12.8,6,0.0,0.517,0
20110528,3,6.7,64.29,9.4,13.4,989.0,5.4,6.1,7.6,19.0,12.6,0,0.0,8.633,0
20110529,3,3.8,68.04,11.8,15.7,987.83,5.8,9.2,10.6,22.8,12.7,0,0.0,9.083,0
20110530,3,2.5,49.46,11.4,21.1,984.88,3.7,6.9,12.6,28.9,11.1,6,6.0,11.95,0
20110531,3,8.0,94.0,13.2,12.0,988.88,4.0,9.1,9.7,15.9,11.9,6,10.6,0.0,0
20110601,3,2.8,66.42,9.3,12.7,1000.65,3.5,4.8,7.1,17.7,11.5,0,0.0,11.0,0
20110602,3,1.8,47.79,7.8,15.5,1003.34,4.3,3.6,7.1,21.4,11.4,0,0.0,15.05,0
20110603,3,2.0,61.42,12.3,17.9,999.6,4.9,5.9,10.0,24.0,13.0,0,0.0,13.95,0
20110604,3,4.6,67.17,16.2,20.8,990.03,4.6,12.9,14.2,27.4,17.0,6,9.6,10.883,0
20110605,3,6.7,87.63,19.1,18.9,980.93,2.2,15.3,16.3,24.1,6.7,6,8.8,5.683,0
20110606,3,6.3,82.5,17.2,18.2,976.87,3.9,13.6,13.4,23.2,13.8,6,9.4,6.283,0
20110607,3,7.1,85.29,15.2,15.8,978.1,3.2,12.2,12.0,21.0,11.8,6,8.4,5.817,0
20110608,3,7.1,75.46,11.1,13.0,980.69,5.4,9.9,9.9,17.4,13.1,0,0.0,6.567,0
20110609,3,3.7,67.08,10.0,13.1,987.54,3.4,5.8,8.1,17.6,8.4,0,0.0,8.833,0
20110610,3,6.8,74.17,11.1,13.2,987.72,2.5,7.6,8.2,18.6,10.8,6,5.5,3.833,0
20110611,3,4.5,76.21,10.3,11.7,989.52,3.8,4.7,6.3,16.9,11.3,6,0.0,8.0,0
20110612,3,4.8,65.75,9.8,13.3,990.95,2.7,4.8,7.3,18.2,13.1,6,0.0,10.6,0
20110613,3,6.8,76.79,14.0,15.9,988.29,5.1,12.0,12.5,19.9,11.4,6,0.3,0.617,0
20110614,3,5.3,80.17,15.5,17.1,990.96,3.0,10.8,13.3,21.1,7.7,0,0.0,5.083,0
20110615,3,6.0,75.96,15.8,18.2,989.45,3.8,10.4,12.9,22.9,10.0,6,0.0,2.2,0
20110616,3,5.7,77.67,14.2,15.9,985.46,5.2,8.1,9.7,20.6,23.3,6,12.0,3.15,0
20110617,3,5.2,74.92,11.4,13.5,984.29,3.6,7.5,9.1,18.6,9.4,6,3.3,5.983,0
20110618,3,5.2,79.46,12.0,13.1,977.35,7.7,9.7,10.0,16.3,18.3,8,6.0,6.467,0
20110619,3,6.1,83.5,11.9,12.2,983.45,7.4,7.1,9.0,16.2,16.5,6,0.6,2.65,0
20110620,3,5.8,90.13,13.7,12.9,986.66,3.8,6.5,8.2,15.8,7.9,6,7.8,1.9,0
20110621,3,7.0,86.0,16.9,17.3,986.31,4.6,14.4,14.6,20.7,12.7,6,0.8,1.683,0
20110622,3,5.5,84.58,15.3,15.8,985.22,5.3,12.1,13.4,18.9,14.8,6,4.8,3.217,0
20110623,3,5.4,78.54,12.0,13.5,988.75,5.3,8.2,10.0,18.5,14.3,6,3.0,4.417,0
20110624,3,6.3,87.13,11.6,11.2,994.6,3.8,7.3,8.7,14.7,14.2,6,2.7,1.883,0
20110625,3,7.8,91.96,13.7,12.7,996.26,4.2,9.6,9.8,15.8,11.4,6,1.4,0.0,0
20110626,3,4.4,84.08,18.0,18.7,995.81,3.6,14.5,14.9,23.5,7.5,0,0.0,8.75,0
20110627,3,2.7,63.92,18.8,24.3,990.55,2.9,14.1,16.2,31.5,6.1,0,0.0,15.0,0
20110628,3,4.5,61.38,20.5,26.1,987.48,4.1,18.7,19.3,32.4,16.3,6,0.6,11.067,0
20110629,3,7.0,88.0,16.9,16.7,991.05,4.1,11.6,12.5,19.8,10.4,6,1.3,0.1,0
20110630,3,5.6,76.96,11.9,13.8,995.49,2.9,8.3,10.3,18.4,9.2,6,0.1,5.7,0
20110701,3,6.0,80.71,11.5,12.4,995.45,2.9,6.5,8.6,17.2,11.5,6,2.1,4.233,0
20110702,3,4.8,76.25,10.6,12.1,991.2,3.1,4.8,7.3,16.6,8.3,0,0.0,5.15,0
20110703,3,3.8,73.33,11.1,13.5,989.02,3.3,5.3,7.7,19.5,9.4,0,0.0,10.083,0
20110704,3,3.4,82.67,12.7,13.4,989.35,2.0,5.6,9.4,18.3,6.0,0,0.0,5.717,0
20110705,3,3.3,67.42,14.2,18.9,985.95,1.9,6.3,9.6,25.7,5.5,6,0.0,12.333,0
20110706,3,5.4,69.83,13.9,17.6,982.12,4.7,10.8,12.8,21.9,13.6,6,0.0,6.067,0
20110707,3,5.4,59.96,12.0,17.8,981.99,4.1,11.5,13.6,22.1,11.5,6,0.3,11.233,0
20110708,3,4.5,61.96,11.8,17.1,983.54,5.5,11.5,13.1,21.8,14.1,6,0.7,9.45,0
20110709,3,6.3,73.88,14.1,16.8,987.31,5.2,10.1,13.0,21.1,15.4,6,1.2,3.767,0
20110710,3,6.5,75.75,14.4,16.8,991.42,1.9,8.0,11.7,21.6,5.6,6,2.2,3.45,0
20110711,3,3.9,64.58,13.9,18.9,991.8,1.8,11.1,13.3,24.1,6.0,0,0.0,7.917,0
20110712,3,6.1,71.42,15.8,19.5,985.24,3.4,9.9,12.3,27.1,10.6,6,0.7,7.267,0
20110713,3,8.0,97.71,14.6,12.9,983.77,5.6,11.0,11.2,15.2,12.0,6,4.6,0.0,0
20110714,3,7.9,90.38,12.5,11.8,986.99,7.7,10.2,10.7,13.9,16.5,6,3.3,0.117,0
20110715,3,4.7,66.21,11.7,16.2,990.14,5.0,10.6,11.5,22.0,11.3,0,0.0,10.75,0
20110716,3,7.5,64.29,13.1,18.0,979.98,7.2,13.9,15.5,22.9,18.0,6,8.3,2.033,0
20110717,3,5.9,78.08,13.4,15.2,972.17,6.9,12.1,12.6,18.6,16.3,6,0.6,6.533,0
20110718,3,6.3,75.21,12.3,14.4,974.89,7.2,11.2,12.7,18.5,16.1,6,1.2,3.2,0
20110719,3,6.7,78.25,13.6,15.4,976.95,2.6,9.5,11.3,19.3,7.2,6,1.7,0.917,0
20110720,3,7.5,85.25,14.5,15.1,981.58,3.5,11.4,12.6,19.5,9.4,6,0.0,0.35,0
20110721,3,6.8,81.25,14.1,15.4,982.84,2.1,10.5,12.1,19.7,8.9,6,0.0,3.383,0
20110722,3,7.2,80.75,12.7,13.8,985.07,3.0,8.8,9.9,16.7,9.2,6,0.1,0.333,0
20110723,3,6.2,89.42,11.6,10.8,983.73,4.2,7.4,8.5,14.3,10.4,6,6.8,0.517,0
20110724,3,7.4,85.71,12.1,12.1,981.88,5.1,6.8,9.1,15.2,14.2,6,2.8,0.45,0
20110725,3,5.7,77.83,12.7,14.4,982.03,3.2,7.1,9.4,20.1,8.7,6,0.5,5.1,0
20110726,3,7.7,89.92,14.6,14.2,985.69,2.4,12.0,12.5,17.1,6.6,6,6.3,0.067,0
20110727,3,7.7,94.08,16.1,15.1,990.44,1.6,12.5,13.3,18.2,4.8,6,3.8,0.667,0
20110728,3,7.1,87.38,16.2,16.4,991.71,1.7,12.7,13.1,21.1,7.8,6,0.0,0.567,0
20110729,3,7.2,83.42,14.8,15.8,992.75,3.3,12.1,12.6,19.2,8.5,6,0.2,2.533,0
20110730,3,8.0,89.46,13.3,12.9,991.65,3.2,11.9,11.9,14.9,7.1,6,0.0,0.0,0
20110731,3,7.8,80.63,12.2,13.2,990.26,1.8,9.4,11.6,15.1,4.8,0,0.0,0.0,0
20110801,3,2.5,73.04,13.0,15.9,988.87,2.5,5.7,8.5,23.6,7.0,0,0.0,8.267,0
20110802,3,3.5,60.67,14.7,21.4,988.16,2.7,9.8,13.0,28.4,10.9,6,0.2,11.267,0
20110803,3,7.5,82.54,18.0,19.0,987.15,3.6,14.6,15.8,22.0,8.0,6,2.8,0.067,0
20110804,3,3.9,77.25,17.2,19.7,987.24,4.6,14.4,15.6,26.2,10.7,6,1.4,9.2,0
20110805,3,6.0,82.88,17.2,18.2,985.64,3.8,14.2,15.2,22.8,10.7,0,0.0,3.1,0
20110806,3,7.4,84.96,18.5,18.9,978.1,4.5,13.8,14.1,23.4,16.1,6,12.6,0.733,0
20110807,3,6.4,73.71,12.9,15.6,979.0,5.8,12.0,12.4,19.6,13.1,6,6.1,4.867,0
20110808,3,6.5,82.88,12.9,13.6,979.66,6.8,10.3,11.4,18.2,17.0,6,12.8,3.6,0
20110809,3,6.3,83.54,12.3,12.7,991.13,6.2,7.7,9.3,16.2,13.6,6,2.6,2.017,0
20110810,3,5.2,68.25,11.1,14.7,995.44,5.4,5.9,7.7,19.9,12.7,0,0.0,9.35,0
20110811,3,6.3,57.71,11.9,18.3,986.53,7.1,13.1,14.4,23.3,14.2,6,0.7,8.983,0
20110812,3,7.4,89.92,16.9,16.6,983.98,4.7,13.0,14.7,19.3,10.4,6,2.0,0.333,0
20110813,3,7.7,88.63,17.6,17.4,982.74,3.7,14.4,15.2,21.0,11.4,6,10.4,1.0,0
20110814,3,7.3,90.67,17.2,16.7,980.37,4.8,12.0,13.6,18.9,13.5,6,2.3,1.067,0
20110815,3,4.2,77.0,13.9,16.0,988.23,3.4,10.0,11.3,21.1,10.1,6,0.8,8.233,0
20110816,3,6.8,70.67,13.6,17.2,990.98,3.1,12.5,13.4,21.6,8.5,6,0.2,5.917,0
20110817,3,4.9,76.5,16.6,18.8,989.2,2.6,12.6,14.5,23.8,6.4,6,0.1,9.083,0
20110818,3,5.0,81.54,18.9,20.1,985.62,3.3,13.3,14.2,28.7,19.2,6,52.7,8.583,0
20110819,3,6.9,84.88,16.5,17.0,990.04,4.6,11.2,13.2,20.3,11.3,6,0.2,3.983,0
20110820,3,2.5,71.0,14.9,18.7,993.15,2.5,9.6,12.5,25.0,6.3,6,0.0,13.133,0
20110821,3,5.5,73.88,20.4,22.8,988.4,5.0,13.8,15.4,29.2,11.8,6,2.1,4.5,0
20110822,3,6.8,81.08,17.2,18.4,990.92,2.9,14.6,16.0,21.1,18.9,6,5.1,2.217,0
20110823,3,5.5,86.08,19.4,19.5,986.66,4.1,15.4,15.7,25.9,10.0,6,0.0,5.083,0
20110824,3,4.5,79.46,17.5,19.1,987.91,4.1,12.0,14.1,23.7,12.8,6,0.0,6.0,0
20110825,3,4.4,79.54,16.9,18.5,986.31,3.0,10.8,12.9,23.7,8.0,6,0.0,3.783,0
20110826,3,6.3,83.25,17.6,18.5,979.5,6.0,13.6,14.2,24.9,20.6,6,9.1,1.267,0
20110827,3,6.7,84.13,13.4,13.9,985.48,5.4,8.2,9.4,17.8,15.4,8,12.8,4.683,0
20110828,3,4.9,81.13,12.3,13.3,989.78,6.1,9.9,11.0,17.0,13.2,6,0.2,3.2,0
20110829,3,5.0,78.17,11.3,12.7,988.79,5.5,7.8,9.5,16.4,13.8,0,0.0,6.05,0
20110830,3,6.0,78.92,11.0,12.0,988.94,3.4,6.3,9.0,15.7,7.3,0,0.0,0.033,0
20110831,3,2.1,75.96,11.4,13.4,987.81,2.0,4.0,7.7,18.5,5.3,0,0.0,11.0,0
20110901,3,1.7,81.04,12.8,14.1,987.49,3.0,5.6,8.9,19.9,7.0,0,0.0,10.617,0
20110902,3,4.9,68.71,15.7,19.9,985.5,2.3,9.7,11.3,26.4,7.7,0,0.0,10.4,0
20110903,3,1.8,63.79,17.6,23.1,984.01,2.6,12.2,16.7,29.1,11.2,6,1.0,12.05,0
20110904,3,6.8,85.88,19.5,19.5,982.23,4.0,15.4,15.6,23.6,13.4,6,2.2,0.967,0
20110905,3,3.6,73.46,12.0,14.5,987.9,6.5,9.9,11.3,18.7,16.2,6,0.0,5.5,0
20110906,3,6.5,75.63,12.9,15.0,988.01,9.5,11.2,12.1,17.8,22.0,6,6.7,3.4,0
20110907,3,7.2,79.54,12.7,13.9,984.16,8.3,11.4,12.5,15.9,20.3,6,8.6,0.933,0
20110908,3,8.0,92.58,13.8,12.9,983.43,6.9,11.1,11.4,14.6,15.1,6,3.7,0.0,0
20110909,3,7.6,94.04,18.7,17.4,984.8,3.8,14.0,14.4,20.0,9.0,6,1.3,0.15,0
20110910,3,5.2,76.63,20.7,22.5,982.43,4.7,15.3,17.1,26.9,12.5,0,0.0,9.5,0
20110911,3,6.3,84.67,16.7,17.2,983.15,5.0,12.1,13.3,21.7,13.0,6,3.8,0.733,0
20110912,3,4.9,79.75,15.3,16.9,983.91,9.2,11.9,13.2,20.6,21.6,6,0.0,5.6,0
20110913,3,4.0,73.38,13.0,15.6,986.16,7.0,11.0,12.1,18.7,14.4,6,0.0,5.6,0
20110914,3,3.5,74.79,11.2,13.1,990.72,5.8,7.8,9.1,17.0,13.2,6,0.0,7.667,0
20110915,3,2.9,77.25,11.9,13.7,993.34,2.9,7.3,9.1,18.6,6.6,0,0.0,10.1,0
20110916,3,4.8,76.67,13.0,15.0,988.36,4.2,6.0,7.9,19.6,11.6,6,0.0,6.4,0
20110917,3,6.8,75.79,13.1,15.2,983.12,6.0,10.2,10.3,17.9,14.0,6,6.8,4.733,0
20110918,3,6.5,85.46,11.5,11.4,977.62,5.2,9.4,10.2,13.8,11.1,6,5.1,1.2,0
20110919,3,5.1,85.79,12.1,12.2,985.61,4.1,9.2,9.8,16.5,8.8,0,0.0,3.367,0
20110920,3,6.0,83.75,12.9,13.4,994.74,5.0,9.2,10.6,15.8,10.2,6,0.0,0.067,0
20110921,3,7.4,76.13,13.0,15.0,992.54,4.8,12.7,13.2,17.9,11.5,6,0.0,0.6,0
20110922,3,5.5,81.13,12.8,13.8,992.4,4.9,9.4,10.8,16.4,12.0,0,0.0,3.183,0
20110923,3,5.3,79.42,12.1,13.5,991.83,2.9,7.4,9.2,17.6,7.4,0,0.0,9.167,0
20110924,3,2.1,70.71,12.0,15.1,988.64,2.0,5.9,9.0,20.9,4.8,0,0.0,10.85,0
20110925,3,1.2,70.83,13.7,17.2,991.53,3.0,7.4,11.6,22.7,6.7,0,0.0,10.5,0
20110926,3,3.1,66.67,15.0,19.6,995.93,4.2,12.0,15.1,24.1,8.4,0,0.0,10.117,0
20110927,3,4.6,81.25,16.0,17.3,1001.63,1.9,11.3,13.9,21.9,4.7,0,0.0,6.0,0
20110928,3,1.3,80.29,16.6,18.2,1001.11,3.6,10.0,11.7,24.4,7.9,0,0.0,10.733,0
20110929,3,1.7,70.88,15.2,19.0,999.31,3.2,9.7,13.1,25.7,8.4,0,0.0,10.8,0
20110930,3,0.7,58.83,12.8,19.2,998.03,2.3,8.4,11.6,26.0,5.7,0,0.0,10.75,0
20111001,3,0.3,64.79,14.6,19.6,998.61,1.9,9.0,14.7,24.9,4.5,0,0.0,10.6,0
20111002,3,0.5,71.42,15.3,18.7,997.75,1.7,8.5,13.4,23.9,4.8,0,0.0,10.433,0
20111003,3,1.4,64.88,14.0,19.1,994.7,4.2,7.9,13.0,24.8,9.1,0,0.0,10.433,0
20111004,3,5.6,78.33,14.5,16.3,993.64,5.7,14.1,14.6,18.8,13.9,6,0.0,1.15,0
20111005,3,7.0,81.29,14.8,16.1,992.72,6.4,13.8,14.2,18.0,11.8,6,0.1,0.033,0
20111006,3,6.3,78.75,11.8,12.8,983.32,8.3,6.1,7.5,15.9,20.9,6,11.5,0.0,0
20111007,3,6.5,85.0,9.5,8.7,985.24,7.1,5.8,6.2,12.8,14.7,6,12.6,1.1,0
20111008,3,7.0,93.83,10.1,8.0,989.4,5.3,5.5,6.2,10.3,12.1,6,7.8,0.533,0
20111009,3,7.0,91.0,11.4,10.2,991.63,5.5,5.6,6.8,14.7,13.6,6,1.7,2.633,0
20111010,3,6.9,86.71,15.4,15.7,989.92,9.4,13.4,13.8,17.8,17.8,6,0.2,1.517,0
20111011,3,8.0,90.58,14.5,14.0,991.23,8.6,12.6,13.0,15.0,17.1,6,1.4,0.0,0
20111012,3,8.0,96.04,14.6,13.1,992.01,6.5,10.4,10.2,14.3,12.8,6,6.3,0.0,0
20111013,3,4.0,83.96,10.0,9.6,1000.48,3.4,1.6,5.1,13.0,7.7,0,0.0,7.217,0
20111014,3,2.8,77.5,8.0,7.6,1003.86,4.1,-0.1,2.8,12.9,10.3,0,0.0,9.617,0
20111015,3,0.8,68.08,7.1,7.7,999.55,4.2,-1.5,2.4,14.4,8.0,0,0.0,9.817,0
20111016,3,0.9,65.67,7.6,9.1,996.3,2.1,-2.4,2.7,15.2,6.7,0,0.0,9.7,0
20111017,3,6.0,81.29,10.8,11.2,993.25,4.2,7.3,8.1,14.8,13.5,0,0.0,3.767,0
20111018,3,7.0,86.38,10.1,9.2,983.89,7.3,6.0,6.8,13.2,20.5,6,3.3,0.133,0
20111019,3,4.6,84.38,8.6,7.3,988.22,5.3,2.4,4.1,10.5,14.6,6,1.5,5.283,0
20111020,3,4.8,82.33,7.4,5.4,997.23,3.5,0.0,2.7,8.8,7.0,6,0.1,2.283,0
20111021,3,1.0,70.33,6.3,5.6,999.12,3.4,-1.5,1.8,10.2,6.4,0,0.0,9.35,0
20111022,3,0.8,73.29,6.6,5.7,992.81,3.4,-2.7,-0.2,13.0,8.3,0,0.0,9.383,0
20111023,3,1.0,68.38,7.8,9.2,987.49,4.7,-1.6,3.5,16.0,10.6,0,0.0,9.433,0
20111024,3,0.8,73.08,7.5,7.6,978.57,5.6,-0.9,1.2,12.5,11.3,6,0.1,9.1,0
20111025,3,7.2,69.92,9.0,10.8,975.48,5.3,7.8,9.3,12.6,12.4,6,0.2,0.0,0
20111026,3,2.5,72.88,8.9,10.1,983.9,5.7,1.6,6.2,13.5,12.9,0,0.0,8.817,0
20111027,3,4.8,74.25,9.3,10.4,986.04,4.3,1.7,4.5,17.8,11.4,0,0.0,4.433,0
20111028,3,5.3,74.42,11.8,13.8,994.46,4.0,8.1,11.4,17.2,10.8,0,0.0,3.817,0
20111029,3,6.2,71.0,11.9,14.7,995.72,3.3,10.4,11.9,18.2,9.3,6,0.0,2.767,0
20111030,3,5.2,85.38,13.2,13.5,994.38,3.7,8.3,10.2,16.0,7.1,6,0.0,2.417,0
20111031,3,1.1,84.25,11.8,12.0,990.86,2.7,3.0,7.9,16.1,6.6,0,0.0,8.1,0
20111101,3,3.5,79.0,12.1,13.4,986.05,4.6,4.6,9.7,16.9,11.0,6,0.6,7.883,0
20111102,3,5.8,82.29,12.2,13.0,984.06,4.5,5.8,8.5,16.1,13.2,0,0.0,4.5,0
20111103,3,7.3,66.42,12.0,15.9,975.52,8.6,12.8,14.7,17.7,16.7,6,0.1,0.333,0
20111104,3,6.5,63.58,11.3,15.8,975.14,6.7,10.9,11.8,18.8,17.2,6,0.2,4.717,0
20111105,3,7.0,75.88,11.7,13.5,978.57,3.1,6.6,8.8,18.7,7.6,0,0.0,2.533,0
20111106,3,6.2,94.29,11.4,9.7,987.52,2.7,5.0,8.1,12.4,6.6,6,0.1,0.0,0
20111107,3,8.0,98.88,10.0,7.1,989.86,4.0,6.5,6.3,8.2,8.0,6,0.0,0.0,0
20111108,3,4.3,93.0,10.6,8.9,989.05,3.2,2.1,4.5,15.5,7.8,0,0.0,3.3,0
20111109,3,0.7,80.17,10.2,10.6,992.16,3.1,3.9,6.8,14.8,6.0,0,0.0,8.117,0
20111110,3,1.1,89.67,8.6,6.3,992.56,3.9,-0.9,1.7,11.1,9.4,0,0.0,8.3,0
20111111,3,0.0,88.71,7.6,4.8,993.38,3.4,-2.1,1.2,10.0,8.2,0,0.0,8.033,0
20111112,3,2.0,84.42,8.3,6.7,1000.2,2.6,-1.2,1.8,13.5,5.3,0,0.0,8.0,0
20111113,3,5.8,94.04,8.3,5.1,1002.21,3.7,-1.1,1.9,9.9,6.8,0,0.0,7.1,0
20111114,3,1.2,80.08,7.3,5.6,996.66,2.4,-2.9,0.5,11.2,5.6,0,0.0,7.95,0
20111115,3,0.8,76.83,6.0,3.5,991.89,3.6,-5.3,-1.4,9.8,7.5,0,0.0,7.85,0
20111116,3,2.7,74.79,5.9,3.6,991.51,2.6,-5.1,-0.7,9.6,6.2,0,0.0,7.783,0
20111117,3,5.0,85.38,8.4,6.5,993.75,4.7,-5.2,-0.2,9.7,10.2,6,0.0,0.567,0
20111118,3,4.9,81.88,9.4,9.0,994.63,3.2,1.5,6.4,12.8,7.1,6,0.0,4.067,0
20111119,3,6.0,70.5,8.1,9.1,991.62,3.1,-0.2,5.8,12.8,8.2,6,0.0,6.833,0
20111120,3,4.2,77.46,8.6,8.5,991.77,1.9,0.5,6.1,11.9,5.5,0,0.0,2.117,0
20111121,3,2.5,76.04,8.4,8.6,989.06,1.8,-0.4,4.3,13.3,4.2,0,0.0,7.533,0
20111122,3,5.9,85.96,10.2,9.5,990.99,1.7,0.7,5.9,12.7,5.1,0,0.0,2.233,0
20111123,3,6.4,98.04,10.8,8.4,998.58,2.8,2.2,6.5,10.0,5.8,6,0.0,0.033,0
20111124,3,5.1,93.58,9.0,6.4,1002.62,2.7,0.7,4.1,8.4,9.2,0,0.0,1.283,0
20111125,3,4.8,79.96,7.6,6.2,998.23,6.1,-0.5,1.8,9.1,11.5,6,0.1,2.867,0
20111126,3,5.1,88.67,8.5,6.4,1000.29,7.6,2.4,4.1,8.8,16.7,6,0.0,2.883,0
20111127,3,5.5,87.08,8.9,7.1,994.35,9.0,1.6,4.3,10.3,18.7,6,1.6,0.0,0
20111128,3,0.9,81.5,7.0,4.9,998.27,3.6,-2.2,1.4,9.4,10.1,0,0.0,7.317,0
20111129,3,3.2,82.67,8.0,6.4,989.25,7.9,1.3,2.7,9.6,17.6,6,0.4,7.1,0
20111130,3,4.1,82.42,8.1,6.7,996.36,5.2,-1.2,2.6,9.6,13.8,0,0.0,6.483,0
20111201,3,7.8,85.29,10.4,9.7,985.48,9.2,-0.1,3.1,11.6,19.1,6,4.7,0.0,0
20111202,3,6.5,87.63,8.6,6.7,983.58,6.9,2.1,3.4,11.8,20.0,6,4.0,1.183,0
20111203,3,6.7,86.75,8.6,6.8,978.95,10.0,3.9,4.8,9.1,23.4,6,8.3,0.0,0
20111204,3,7.9,88.79,9.1,7.4,972.98,6.8,4.9,5.7,8.6,14.9,8,11.2,0.0,0
20111205,3,5.6,84.96,6.8,3.7,975.88,8.2,0.4,0.9,6.1,16.7,6,0.0,2.233,0
20111206,3,4.9,83.17,6.6,3.7,979.23,8.1,1.0,2.3,5.2,15.5,6,1.8,0.817,0
20111207,3,6.9,84.46,7.3,4.9,977.93,10.0,1.2,2.2,7.1,23.2,8,10.0,0.983,0
20111208,3,6.2,80.92,7.6,5.8,987.72,10.5,0.8,2.2,9.7,23.1,6,8.2,0.017,0
20111209,3,4.0,77.67,7.0,5.3,981.45,8.9,0.7,2.7,9.8,20.4,6,0.0,6.717,0
20111210,3,2.5,82.25,5.9,2.2,986.82,5.2,-1.3,0.4,4.6,11.4,0,0.0,6.617,0
20111211,3,6.3,80.13,6.0,2.9,985.34,5.2,-2.0,0.0,6.7,13.3,6,3.5,1.05,0
20111212,3,5.5,85.46,8.1,6.1,978.92,7.7,3.2,4.5,8.1,18.0,6,8.5,2.167,0
20111213,3,6.7,82.83,8.1,6.6,970.91,12.1,3.6,4.3,10.0,27.1,6,6.1,0.0,0
20111214,3,6.5,84.21,7.4,5.2,971.86,9.3,1.1,1.5,7.4,22.0,8,9.3,0.0,0
20111215,3,5.6,81.96,7.0,4.6,974.7,11.2,2.7,3.7,5.5,22.2,6,11.5,0.533,0
20111216,3,8.0,93.5,7.6,3.8,954.9,9.8,0.0,0.0,10.4,22.9,8,12.6,0.0,0
20111217,3,6.0,95.75,6.6,1.7,975.6,5.9,-0.4,0.0,3.9,12.9,8,3.6,1.133,1
20111218,3,6.4,95.79,6.1,0.6,982.68,5.7,-1.1,-0.4,1.8,12.4,7,1.0,0.783,1
20111219,3,7.9,93.17,5.9,0.5,987.87,5.9,-0.2,-0.3,1.3,18.2,8,1.4,0.0,0
20111220,3,7.8,95.71,7.3,2.9,982.41,7.3,-0.1,-0.1,5.3,18.1,8,3.3,0.0,1
20111221,3,8.0,95.46,7.5,3.4,989.8,4.3,1.7,2.4,4.3,9.8,6,1.1,0.0,0
20111222,3,8.0,99.42,10.4,7.5,994.32,6.0,4.1,4.2,8.7,10.8,6,3.8,0.0,0
20111223,3,7.9,94.29,9.9,7.6,991.67,6.4,5.6,6.4,8.4,14.5,6,5.4,0.0,0
20111224,3,6.6,90.29,7.4,4.1,996.27,7.7,2.3,2.9,7.1,19.3,6,0.2,0.65,0
20111225,3,7.7,93.13,8.6,5.7,1002.7,8.2,2.9,3.8,7.7,13.9,6,0.4,0.0,0
20111226,3,8.0,97.88,10.4,7.8,1007.25,6.7,6.8,7.0,8.5,12.8,6,0.0,0.0,0
20111227,3,8.0,88.63,8.8,6.9,1007.18,3.9,5.3,5.8,8.1,9.4,6,0.0,0.0,0
20111228,3,7.2,89.42,7.9,5.2,996.17,7.0,2.7,3.8,6.9,14.1,6,0.6,1.767,0
20111229,3,6.0,86.08,7.2,4.4,990.45,9.4,2.3,3.4,6.5,21.4,8,7.6,0.833,0
20111230,3,7.0,87.17,6.7,3.1,986.03,7.3,0.6,1.7,4.9,16.1,8,2.3,0.0,0
20111231,3,8.0,96.63,9.8,6.8,983.44,6.5,1.6,2.0,10.3,12.5,6,5.0,0.0,0
20120101,3,7.9,91.46,12.3,11.3,982.16,9.3,9.3,9.9,13.0,23.8,6,8.0,0.0,0
20120102,3,6.1,89.08,8.8,6.6,982.29,6.8,2.0,3.1,11.9,20.4,6,4.8,0.0,0
20120103,3,5.5,82.38,8.2,6.9,982.37,13.2,2.3,3.3,10.1,30.7,6,9.4,0.0,0
20120104,3,6.8,80.71,7.2,5.3,985.33,10.2,2.3,3.4,6.0,24.1,6,11.3,0.033,0
20120105,3,7.3,86.0,8.0,5.9,969.87,12.3,1.5,2.2,8.8,25.4,8,16.1,0.117,0
20120106,3,7.3,90.08,7.3,3.9,989.83,7.5,0.9,1.6,6.1,17.9,8,3.3,0.35,0
20120107,3,7.6,88.0,8.1,5.7,989.74,8.6,2.4,2.9,7.8,18.2,6,5.2,0.15,0
20120108,3,7.3,90.88,7.9,5.0,994.32,6.1,3.0,4.0,6.0,12.4,8,1.8,0.0,0
20120109,3,7.9,95.92,9.2,6.3,999.62,5.7,3.7,4.0,7.8,10.6,6,1.3,0.0,0
20120110,3,7.4,92.38,9.4,7.3,1004.7,3.9,5.6,6.5,7.9,8.5,6,0.0,0.0,0
20120111,3,7.6,85.29,8.9,7.6,1004.58,5.5,6.2,6.8,8.5,12.2,6,0.0,1.9,0
20120112,3,6.8,89.0,8.7,6.5,997.55,7.9,2.1,3.5,8.2,17.5,6,1.6,0.867,0
20120113,3,5.7,86.83,6.6,3.1,999.83,5.1,-0.8,1.5,5.2,9.9,6,0.0,0.883,0
20120114,3,7.2,81.63,6.0,2.6,999.93,2.3,-3.5,0.3,4.7,6.5,0,0.0,0.7,0
20120115,3,3.2,90.63,5.7,0.5,997.44,2.7,-4.9,-1.5,3.3,8.1,0,0.0,6.367,0
20120116,3,1.3,79.13,4.7,-0.4,997.88,3.5,-4.9,-3.3,2.8,6.4,0,0.0,7.033,0
20120117,3,4.2,64.58,4.6,2.1,1000.95,2.2,-6.4,-0.8,5.5,9.1,0,0.0,7.083,0
20120118,3,6.5,78.42,5.7,2.4,998.96,7.8,-2.1,0.4,4.0,16.4,6,2.6,1.033,0
20120119,3,7.8,95.04,9.4,6.6,989.28,9.3,3.4,3.8,10.5,23.0,8,17.2,0.0,0
20120120,3,7.4,93.0,6.8,2.6,987.61,7.3,-0.3,0.6,5.7,20.0,8,9.3,0.0,0
20120121,3,7.9,93.29,8.8,6.0,981.79,8.9,1.0,1.8,8.8,18.1,6,10.2,0.0,0
20120122,3,6.9,81.08,7.3,5.4,982.48,10.1,1.6,3.2,7.9,18.4,6,0.2,0.0,0
20120123,3,7.1,90.92,7.2,3.7,987.75,6.4,0.5,1.2,5.9,12.2,8,5.2,1.067,0
20120124,3,7.8,93.46,6.9,2.6,992.5,3.9,0.3,1.4,3.9,9.0,6,0.0,0.017,0
20120125,3,7.3,82.71,6.8,4.1,991.48,3.3,1.6,2.2,5.7,8.2,6,0.0,0.567,0
20120126,3,7.5,84.25,7.7,5.7,987.53,5.4,2.6,4.1,7.3,11.7,6,0.6,0.15,0
20120127,3,3.9,85.58,6.7,3.5,993.63,4.8,-0.5,1.5,6.0,9.2,0,0.0,7.05,0
20120128,3,3.8,87.54,6.0,1.5,998.41,3.2,-2.8,-1.0,4.0,7.8,0,0.0,7.817,0
20120129,3,8.0,88.38,4.7,-1.8,999.75,3.7,-2.7,-2.9,-0.1,7.6,7,1.2,0.0,0
20120130,3,7.9,96.13,4.8,-2.7,996.4,1.5,-4.8,-3.7,-1.9,5.0,7,4.9,0.0,2
20120131,3,3.2,83.67,3.8,-4.1,995.42,3.7,-9.8,-7.2,-2.7,7.8,0,0.0,5.783,8
20120201,3,0.0,68.75,2.3,-7.6,1000.1,5.8,-12.0,-10.2,-4.5,12.5,0,0.0,7.617,7
20120202,3,0.0,62.08,1.8,-9.4,1002.65,5.3,-15.3,-11.8,-6.8,10.3,0,0.0,7.783,4
20120203,3,3.3,77.0,2.1,-10.8,1006.54,2.2,-21.1,-15.1,-7.5,5.9,7,0.0,2.6,4
20120204,3,2.5,89.21,2.5,-10.1,1008.3,2.1,-20.9,-12.9,-7.8,6.1,7,0.0,5.883,4
20120205,3,4.9,60.13,1.9,-8.4,1002.35,3.0,-15.0,-11.1,-5.4,9.5,0,0.0,7.583,4
20120206,3,4.3,57.54,1.9,-7.9,1004.45,2.0,-20.7,-11.0,-4.8,5.2,0,0.0,8.0,4
20120207,3,3.3,71.54,2.0,-10.7,1007.95,4.5,-21.6,-15.8,-8.0,11.5,7,0.0,6.783,4
20120208,3,3.8,75.71,2.8,-6.5,1007.71,5.4,-16.3,-9.1,-3.9,12.9,0,0.0,7.333,4
20120209,3,4.7,91.46,3.4,-6.9,1007.43,2.1,-18.7,-11.6,-3.7,5.8,7,0.2,0.267,4
20120210,3,1.9,80.0,3.1,-6.2,1008.23,3.4,-16.3,-9.4,-3.5,8.2,7,0.0,7.3,4
20120211,3,1.2,72.75,2.2,-9.1,1005.16,4.2,-17.2,-12.6,-5.3,9.6,0,0.0,8.233,4
20120212,3,7.0,80.58,2.9,-7.0,1002.71,2.0,-17.0,-11.5,-4.0,4.5,7,0.0,0.8,4
20120213,3,8.0,98.71,5.5,-1.3,994.07,4.1,-4.1,-4.1,0.7,7.0,8,3.8,0.0,4
20120214,3,7.8,98.17,6.6,1.4,988.33,4.6,0.0,0.1,3.2,13.2,8,6.0,0.0,5
20120215,3,7.7,92.92,7.1,3.1,986.86,7.5,1.3,1.8,4.7,15.1,6,1.1,0.3,0
20120216,3,7.8,97.88,7.7,3.4,995.86,3.8,0.9,1.4,5.9,11.0,6,0.8,0.033,0
20120217,3,7.8,96.75,8.1,4.4,994.62,5.7,2.7,3.6,5.4,10.9,6,1.9,0.0,0
20120218,3,8.0,93.63,8.9,6.3,986.75,7.9,3.0,3.4,7.4,19.7,6,4.7,0.0,0
20120219,3,6.7,95.42,6.1,0.6,991.18,5.9,-3.9,-1.8,3.1,16.1,8,3.9,1.583,0
20120220,3,4.3,87.17,5.2,-0.3,1004.55,3.7,-8.0,-3.8,3.1,8.2,0,0.0,8.35,3
20120221,3,5.2,75.17,5.5,2.5,1002.54,5.7,-1.4,-0.3,6.3,10.0,0,0.0,1.1,0
20120222,3,5.5,70.83,6.0,4.7,999.68,6.6,0.4,2.0,8.3,15.0,6,1.0,6.717,0
20120223,3,8.0,95.58,9.1,6.2,995.27,7.5,3.3,3.7,8.4,15.8,6,0.2,0.0,0
20120224,3,8.0,98.33,10.8,8.3,998.0,6.8,7.4,7.5,9.5,12.3,6,1.6,0.0,0
20120225,3,7.1,88.75,8.8,6.8,996.76,4.7,3.3,3.9,9.1,10.9,6,0.1,1.483,0
20120226,3,7.9,93.88,7.8,4.3,998.0,3.6,2.5,3.2,5.3,7.4,6,0.0,0.0,0
20120227,3,7.0,88.54,8.1,5.7,997.62,4.9,0.1,1.8,9.3,11.0,6,0.0,2.383,0
20120228,3,8.0,97.79,10.1,7.5,996.16,5.0,6.1,6.3,8.5,8.7,6,0.0,0.0,0
20120229,3,7.6,99.17,11.3,8.9,997.68,2.2,7.7,7.9,10.6,5.6,0,0.0,0.0,0
20120301,3,7.9,98.83,11.0,8.5,997.38,2.9,7.7,7.4,10.3,6.2,6,0.0,0.267,0
20120302,3,7.7,98.88,10.4,7.7,997.35,3.8,6.5,6.3,9.6,8.0,6,0.0,0.0,0
20120303,3,7.6,86.04,9.7,8.7,994.56,3.0,6.2,6.4,10.9,7.2,6,0.0,0.083,0
20120304,3,7.2,88.67,9.6,8.2,990.8,3.9,1.4,5.5,10.8,9.0,6,3.2,0.833,0
20120305,3,7.4,80.46,6.5,3.7,985.76,7.5,1.8,2.1,7.7,16.1,6,0.0,0.533,0
20120306,3,5.8,73.92,6.5,5.1,995.3,3.6,-0.7,2.0,8.5,9.3,0,0.0,4.017,0
20120307,3,6.6,83.42,6.4,3.3,991.97,7.1,-0.8,1.4,5.9,17.2,6,7.8,0.0,0
20120308,3,5.4,84.21,6.7,3.7,999.36,4.7,-2.6,1.0,7.5,11.9,8,0.0,1.567,0
20120309,3,6.1,74.88,7.0,6.2,1007.72,4.2,-2.1,1.0,10.2,9.8,0,0.0,5.083,0
20120310,3,7.8,92.71,9.7,7.5,1006.74,4.3,4.9,6.1,8.7,8.3,6,1.2,0.0,0
20120311,3,6.8,84.67,9.3,8.4,1006.22,2.8,3.3,5.1,11.0,7.0,0,0.0,1.583,0
20120312,3,7.3,91.25,9.2,7.1,1004.85,2.6,2.0,3.7,9.8,5.8,0,0.0,0.067,0
20120313,3,8.0,86.46,8.6,6.8,1005.0,2.5,5.7,6.1,8.7,5.8,6,0.0,0.0,0
20120314,3,4.1,80.21,7.7,6.5,1002.94,3.2,-0.2,2.9,9.5,7.2,0,0.0,5.75,0
20120315,3,0.9,64.75,8.3,11.1,998.4,2.6,-1.7,3.4,18.3,9.8,0,0.0,10.317,0
20120316,3,0.9,47.38,8.0,14.9,992.56,5.0,4.6,8.3,20.1,10.2,0,0.0,10.25,0
20120317,3,7.0,83.04,9.5,9.0,988.54,4.3,6.4,6.7,15.4,14.4,6,1.0,1.05,0
20120318,3,7.1,82.42,8.4,7.3,988.13,5.4,0.4,3.3,10.1,13.8,6,3.4,1.333,0
20120319,3,4.1,74.08,6.6,5.7,1001.94,2.3,-1.9,2.6,9.5,7.1,0,0.0,6.767,0
20120320,3,3.0,68.33,6.7,6.8,1006.9,2.9,-2.7,1.4,12.1,7.1,0,0.0,8.95,0
20120321,3,0.2,65.79,7.7,9.4,1006.53,2.8,-2.0,3.9,14.3,8.5,0,0.0,10.567,0
20120322,3,0.0,66.46,8.7,11.4,1001.95,4.1,-1.3,3.5,18.3,10.4,0,0.0,10.717,0
20120323,3,0.1,64.75,9.6,13.2,998.47,2.4,0.6,6.6,18.7,6.7,0,0.0,10.7,0
20120324,3,3.1,66.67,9.7,12.7,998.81,1.9,0.2,6.9,17.8,7.0,0,0.0,9.017,0
20120325,3,1.0,66.63,8.8,11.8,1003.28,2.7,0.9,5.3,17.7,7.2,0,0.0,10.85,0
20120326,3,2.0,58.04,7.2,10.8,1006.45,3.0,-1.5,5.1,17.2,8.1,0,0.0,11.0,0
20120327,3,2.8,65.17,8.5,11.6,1006.24,2.1,-1.5,5.2,17.8,6.6,0,0.0,10.55,0
20120328,3,2.0,66.38,9.0,12.0,1002.47,2.3,0.4,6.2,17.5,6.3,0,0.0,10.867,0
20120329,3,4.9,75.13,8.2,8.2,996.65,4.9,-0.6,3.6,12.5,12.6,6,0.0,5.183,0
20120330,3,8.0,90.0,9.1,7.2,992.93,5.5,5.6,5.7,9.6,9.7,6,0.1,0.0,0
20120331,3,6.6,82.96,7.7,5.7,987.77,5.2,-4.0,0.8,8.3,12.1,6,0.1,0.133,0
20120401,3,2.4,71.25,5.6,3.8,990.18,2.3,-6.7,-1.7,9.4,7.5,0,0.0,10.683,0
20120402,3,4.5,73.46,6.9,6.3,982.87,2.8,-4.2,-0.9,12.6,6.1,0,0.0,7.633,0
20120403,3,5.1,63.5,7.7,10.1,975.11,2.1,-0.7,3.4,15.6,6.2,6,0.0,6.5,0
20120404,3,7.0,84.46,9.0,7.9,979.75,3.7,0.9,6.2,10.0,9.0,6,0.1,0.3,0
20120405,3,8.0,85.5,7.8,5.7,987.51,3.7,4.8,4.9,6.6,7.9,0,0.0,0.0,0
20120406,3,6.0,68.13,6.2,5.9,984.36,2.7,1.8,2.6,10.4,6.9,8,1.8,6.667,0
20120407,3,7.4,79.75,6.2,3.6,981.02,3.6,1.4,1.5,6.2,10.1,8,0.7,0.3,0
20120408,3,5.3,63.33,5.3,4.6,985.56,3.0,-1.0,0.2,8.4,13.4,6,4.7,7.15,0
20120409,3,8.0,90.79,9.4,7.4,975.03,7.6,4.0,4.4,9.8,14.0,6,5.7,0.033,0
20120410,3,7.7,84.17,9.8,9.3,967.15,6.8,6.0,6.5,13.0,15.9,6,5.4,0.133,0
20120411,3,5.3,75.96,7.7,7.5,971.77,4.6,2.3,3.9,11.7,9.4,8,0.1,5.667,0
20120412,3,6.3,82.54,8.0,6.6,974.78,3.6,1.7,3.5,10.5,9.2,8,2.5,4.15,0
20120413,3,4.0,79.46,7.7,6.7,977.27,2.6,-0.1,2.2,11.2,5.5,6,0.0,6.467,0
20120414,3,6.4,82.13,8.1,6.8,977.22,2.5,-1.2,3.2,10.7,9.3,6,2.6,2.267,0
20120415,3,7.2,82.33,7.2,5.0,984.58,4.5,-0.5,1.6,7.1,11.1,6,0.1,0.017,0
20120416,3,2.5,69.04,5.4,3.8,992.68,3.3,-3.8,-1.1,8.4,8.6,6,0.0,6.083,0
20120417,3,5.8,66.25,5.5,4.9,980.97,5.8,-5.4,-1.6,11.1,15.1,6,0.6,3.433,0
20120418,3,5.1,75.25,7.8,7.7,965.8,6.7,2.5,3.8,11.7,16.1,6,3.2,7.017,0
20120419,3,5.9,74.71,8.0,8.0,962.98,5.4,2.7,4.8,12.6,16.1,6,0.8,6.6,0
20120420,3,4.6,72.25,7.9,8.4,968.75,5.3,2.2,4.6,13.4,12.3,6,1.3,8.467,0
20120421,3,5.7,82.88,8.0,6.4,971.7,5.5,2.8,3.6,10.2,16.6,8,4.2,4.067,0
20120422,3,6.0,82.04,7.9,6.6,977.53,6.5,3.2,4.6,10.9,14.5,8,2.9,2.983,0
20120423,3,4.9,72.79,7.5,7.7,973.22,6.2,3.1,4.4,11.7,12.2,6,0.6,4.867,0
20120424,3,6.9,84.96,8.7,7.4,968.52,3.5,2.5,4.6,10.9,11.4,6,2.6,2.283,0
20120425,3,6.4,79.54,9.1,9.0,972.07,7.6,3.6,5.1,11.9,18.0,6,3.4,3.75,0
20120426,3,7.6,72.04,9.1,10.4,977.13,9.0,7.5,8.9,12.7,19.0,6,0.2,0.883,0
20120427,3,7.4,71.54,9.6,11.4,987.39,4.8,7.9,9.2,15.0,12.0,6,5.5,1.283,0
20120428,3,7.3,80.04,14.3,16.0,983.39,4.5,9.1,9.3,21.1,14.6,6,0.0,1.833,0
20120429,3,5.8,75.71,12.6,14.8,979.6,4.3,7.7,11.2,19.8,15.4,6,0.0,3.383,0
20120430,3,5.1,57.58,10.4,16.1,987.15,4.3,4.0,8.9,20.7,12.2,6,1.1,5.583,0
20120501,3,6.5,73.33,12.6,15.2,988.8,3.6,9.8,12.8,18.6,9.4,6,0.0,7.6,0
20120502,3,7.6,90.46,13.3,12.7,987.57,2.9,6.8,9.0,15.2,7.6,6,2.5,0.217,0
20120503,3,6.5,83.13,10.8,10.9,983.87,3.1,3.7,7.4,14.5,8.4,6,0.0,0.333,0
20120504,3,5.7,74.88,11.3,13.3,977.53,3.1,6.0,8.1,18.3,8.2,6,11.7,5.15,0
20120505,3,8.0,95.83,9.8,7.2,978.39,3.2,6.6,6.5,8.1,7.1,6,4.2,0.0,0
20120506,3,8.0,96.21,9.2,6.3,983.06,3.0,5.5,5.4,7.3,6.7,6,2.8,0.0,0
20120507,3,5.8,78.25,8.8,9.0,989.34,2.1,5.0,5.7,14.4,6.8,0,0.0,4.367,0
20120508,3,5.0,67.13,11.0,14.5,984.35,5.9,5.1,7.5,20.1,13.3,6,0.0,6.183,0
20120509,3,6.5,84.21,15.2,15.8,985.56,5.3,12.2,13.4,19.1,11.8,6,1.6,2.533,0
20120510,3,7.0,70.0,16.7,20.4,988.87,6.5,13.8,15.2,24.8,14.2,6,0.0,2.0,0
20120511,3,6.8,78.75,14.5,16.1,993.9,5.8,6.5,7.8,21.6,14.1,6,3.1,0.733,0
20120512,3,4.8,73.33,7.9,8.2,1005.3,3.3,1.1,3.9,12.1,7.6,6,0.0,4.6,0
20120513,3,2.3,67.08,6.7,7.4,1002.48,2.0,-1.1,2.3,12.9,6.3,0,0.0,11.483,0
20120514,3,2.8,58.71,7.6,11.2,989.98,3.8,0.7,3.6,17.5,10.4,6,0.6,14.017,0
20120515,3,6.5,86.38,8.8,7.3,983.61,4.5,5.0,5.1,11.4,16.3,8,3.8,3.25,0
20120516,3,4.6,72.38,7.3,7.3,994.34,5.2,-1.5,2.4,11.5,13.2,6,0.4,4.433,0
20120517,3,5.2,57.08,6.8,10.1,991.48,3.4,-2.4,1.6,15.6,9.6,6,0.2,10.1,0
20120518,3,7.1,69.04,10.4,13.0,981.2,4.9,8.1,9.2,16.2,12.5,6,0.0,1.817,0
20120519,3,6.4,72.83,13.0,15.9,983.16,3.5,10.1,11.3,20.4,8.5,6,2.0,7.783,0
20120520,3,6.5,82.04,14.8,16.2,979.31,2.5,9.8,11.8,22.4,15.1,6,5.8,6.017,0
20120521,3,7.4,87.25,16.0,16.2,974.41,2.9,9.8,10.7,21.6,7.5,6,0.0,1.117,0
20120522,3,5.7,93.25,16.7,15.7,981.47,3.6,12.1,11.9,21.4,8.2,6,0.0,4.817,0
20120523,3,5.1,84.04,17.8,18.5,993.23,3.2,13.7,13.8,24.8,7.4,0,0.0,6.9,0
20120524,3,3.3,66.5,16.5,21.2,997.01,3.2,11.1,14.9,27.1,9.9,0,0.0,13.983,0
20120525,3,0.9,52.25,10.5,18.2,996.2,6.1,9.0,11.8,23.7,13.6,0,0.0,14.45,0
20120526,3,0.7,50.13,9.7,17.6,993.4,5.0,6.3,9.7,23.5,12.6,0,0.0,14.483,0
20120527,3,2.7,54.0,11.2,18.6,991.43,3.2,7.4,10.2,23.4,8.6,0,0.0,12.55,0
20120528,3,1.3,57.79,12.2,18.9,988.47,3.7,9.5,13.0,24.6,12.5,0,0.0,14.117,0
20120529,3,2.5,72.79,13.7,16.8,988.58,3.1,8.8,10.6,22.9,8.1,6,0.3,8.817,0
20120530,3,4.5,80.88,14.7,16.1,990.63,2.4,11.3,13.2,21.0,7.1,0,0.0,5.95,0
20120531,3,6.5,82.13,14.7,15.8,989.63,5.7,10.9,12.6,20.3,15.3,6,4.6,0.5,0
20120601,3,6.5,82.71,13.0,13.8,990.5,4.0,10.4,11.5,17.2,10.8,6,0.0,2.033,0
20120602,3,5.4,65.54,9.7,13.0,988.54,2.2,9.0,9.7,17.7,6.2,6,1.9,8.283,0
20120603,3,8.0,93.17,11.6,10.2,980.63,4.7,8.7,8.6,12.6,11.6,6,17.2,0.0,0
20120604,3,7.1,92.96,11.8,10.4,983.47,4.3,4.7,5.5,15.4,12.0,6,9.9,1.117,0
20120605,3,5.6,73.88,9.0,10.3,989.5,2.6,3.4,4.4,15.9,6.4,6,3.4,8.583,0
20120606,3,7.5,84.71,12.8,13.0,979.66,5.2,9.0,9.8,17.3,13.4,6,8.6,1.033,0
20120607,3,6.1,73.79,14.3,17.1,976.41,4.8,11.4,12.4,21.8,15.6,6,0.1,3.117,0
20120608,3,2.9,71.83,12.1,15.0,979.54,6.9,9.4,10.5,19.3,17.8,6,2.2,10.783,0
20120609,3,3.1,71.38,9.9,12.0,985.57,6.5,6.7,8.0,16.1,15.0,6,0.0,7.933,0
20120610,3,6.0,68.38,11.0,14.3,982.92,2.6,7.9,9.4,19.0,7.6,6,0.7,7.6,0
20120611,3,7.5,86.88,13.5,13.6,975.64,2.9,11.1,11.7,17.6,10.6,6,20.9,0.6,0
20120612,3,7.1,85.71,13.5,13.9,977.55,2.6,10.7,11.1,18.5,7.6,6,1.8,5.15,0
20120613,3,8.0,87.96,11.4,10.8,987.27,2.6,9.6,9.5,12.2,6.8,6,0.2,0.0,0
20120614,3,5.3,75.63,11.2,13.1,990.89,1.9,9.2,9.7,17.4,5.5,6,0.0,7.183,0
20120615,3,7.5,79.25,13.9,15.5,986.73,4.7,12.4,13.0,18.8,11.5,6,8.0,0.35,0
20120616,3,6.3,86.54,14.8,15.0,987.21,5.8,11.8,12.9,17.3,14.8,6,0.4,0.433,0
20120617,3,2.5,71.13,12.3,15.5,992.46,5.0,8.8,11.6,19.8,12.7,6,0.3,11.9,0
20120618,3,5.6,84.46,14.4,14.9,988.8,4.0,8.5,9.8,19.0,11.0,6,2.4,2.867,0
20120619,3,5.9,81.25,14.1,15.3,991.94,2.3,8.5,10.3,18.1,5.4,6,0.3,4.2,0
20120620,3,6.4,88.08,16.3,16.2,987.55,2.1,10.7,13.2,20.3,5.3,6,0.5,0.917,0
20120621,3,6.0,84.79,17.0,17.6,983.39,3.5,9.8,11.9,23.6,23.5,6,8.0,3.25,0
20120622,3,3.1,72.96,11.8,14.3,989.78,6.5,9.4,11.1,18.5,15.6,6,0.0,8.183,0
20120623,3,6.3,70.67,11.7,14.7,994.87,4.6,9.5,11.2,19.0,11.9,6,0.0,6.883,0
20120624,3,7.2,83.42,12.9,13.5,987.52,6.5,10.3,11.7,16.9,18.4,6,10.3,0.45,0
20120625,3,6.8,83.38,12.7,13.4,989.71,5.3,7.4,9.2,17.9,13.2,6,0.0,1.817,0
20120626,3,3.7,72.08,12.5,15.6,993.95,2.2,6.3,8.4,21.5,8.5,6,0.0,11.817,0
20120627,3,7.1,88.04,18.3,18.1,991.3,4.4,12.8,14.1,22.9,10.1,6,0.1,1.3,0
20120628,3,6.5,70.42,19.3,22.9,982.59,3.7,14.6,16.0,29.1,13.0,0,0.0,7.15,0
20120629,3,6.4,82.33,17.7,18.6,982.27,3.1,12.2,14.6,22.6,10.8,6,4.4,0.733,0
20120630,3,3.6,71.38,15.6,19.0,985.3,4.3,13.6,14.5,24.0,9.4,0,0.0,9.733,0
20120701,3,4.0,75.33,12.7,15.0,989.61,4.5,7.4,9.7,19.6,12.8,6,0.1,7.233,0
20120702,3,4.0,71.58,12.0,15.0,992.0,2.4,6.0,8.4,20.8,6.4,0,0.0,7.333,0
20120703,3,5.8,70.08,14.8,18.5,990.08,3.0,12.3,13.9,22.8,7.9,6,0.0,3.55,0
20120704,3,6.6,64.88,16.1,21.3,985.93,2.7,14.3,16.1,25.8,6.8,0,0.0,6.8,0
20120705,3,6.6,81.63,19.1,20.1,982.73,2.6,15.2,17.0,25.4,7.4,6,9.6,5.05,0
20120706,3,5.5,78.04,16.0,18.1,983.0,4.2,13.0,15.3,22.8,11.3,6,0.0,4.2,0
20120707,3,4.0,68.25,14.3,18.3,984.48,3.8,13.4,14.7,22.8,11.0,6,5.2,5.717,0
20120708,3,6.8,85.58,15.8,16.2,980.26,5.8,13.0,14.2,19.8,15.7,6,6.8,2.517,0
20120709,3,4.2,79.88,14.5,16.1,985.45,5.5,11.4,13.0,20.5,10.8,6,0.0,7.033,0
20120710,3,6.5,86.13,15.7,16.0,985.57,3.3,12.0,13.0,20.1,10.8,6,6.4,3.083,0
20120711,3,6.4,81.54,13.0,14.0,985.33,5.8,10.4,11.4,18.6,13.6,6,2.3,4.35,0
20120712,3,5.8,76.29,11.9,13.8,986.28,6.0,10.2,11.0,18.1,16.2,6,7.5,5.517,0
20120713,3,7.6,87.79,14.4,14.4,978.5,5.4,11.4,11.9,19.0,12.5,6,5.7,1.083,0
20120714,3,7.0,88.67,14.0,13.8,978.31,5.1,11.4,12.1,17.1,14.5,6,6.0,2.367,0
20120715,3,7.3,91.67,13.6,12.9,987.16,3.7,10.7,11.4,16.6,10.6,6,7.1,0.683,0
20120716,3,7.3,86.96,13.1,13.1,994.89,6.0,9.5,10.2,16.3,14.3,6,7.3,1.6,0
20120717,3,7.5,89.13,15.5,15.4,994.4,6.9,13.4,13.7,18.5,14.5,6,2.1,0.433,0
20120718,3,6.6,77.29,15.8,18.0,988.01,6.0,13.4,14.2,23.7,13.8,6,0.1,5.367,0
20120719,3,6.9,85.13,14.3,14.8,983.14,6.1,11.8,12.5,18.6,15.5,6,6.2,1.817,0
20120720,3,6.9,87.83,13.8,13.7,988.31,2.9,10.5,11.4,18.3,11.6,6,1.6,1.483,0
20120721,3,5.4,76.96,11.8,13.6,994.79,2.2,6.3,9.9,16.9,7.8,0,0.0,2.9,0
20120722,3,2.5,68.92,11.3,14.9,999.89,1.8,5.0,7.9,20.6,5.5,0,0.0,10.417,0
20120723,3,1.0,53.79,11.2,18.7,997.76,3.6,8.9,10.9,24.5,9.0,0,0.0,13.933,0
20120724,3,2.9,57.0,13.5,20.6,991.26,2.9,8.6,12.4,25.9,8.3,0,0.0,13.467,0
20120725,3,0.7,60.88,16.1,22.4,988.59,2.3,12.3,15.5,28.1,6.6,0,0.0,13.583,0
20120726,3,1.0,69.67,18.4,22.3,989.8,2.2,13.3,16.4,28.3,6.4,0,0.0,10.967,0
20120727,3,3.7,77.63,19.8,21.8,984.48,3.2,14.1,17.5,29.0,14.0,6,18.8,7.4,0
20120728,3,7.6,92.67,19.2,18.1,981.8,2.5,15.3,15.9,21.7,14.5,6,10.4,0.683,0
20120729,3,5.5,73.67,12.7,15.4,986.12,4.5,11.4,11.7,19.6,11.0,6,6.1,6.0,0
20120730,3,6.2,77.92,12.4,14.1,989.55,4.3,10.2,11.0,19.1,11.7,6,0.2,6.083,0
20120731,3,6.6,71.42,12.7,15.8,990.57,3.3,9.4,11.2,20.1,8.7,0,0.0,1.1,0
20120801,3,3.4,59.17,14.6,22.0,985.46,3.5,9.5,11.8,29.7,9.6,6,0.0,11.333,0
20120802,3,5.1,74.33,16.5,19.2,986.08,4.5,13.5,15.3,22.8,11.5,6,0.0,4.317,0
20120803,3,3.0,66.92,14.0,18.4,988.65,4.1,12.6,15.1,23.2,10.2,6,0.1,8.567,0
20120804,3,5.5,69.83,14.8,18.8,986.39,3.2,11.3,13.3,24.8,10.0,6,1.6,7.233,0
20120805,3,6.5,76.21,16.0,18.6,982.52,2.9,13.0,14.3,24.0,9.8,6,1.6,4.65,0
20120806,3,5.2,80.17,14.6,16.2,984.65,5.8,12.5,13.2,20.9,13.7,6,4.5,5.55,0
20120807,3,5.5,75.63,12.7,15.0,993.22,5.2,10.1,11.8,19.4,11.3,0,0.0,4.333,0
20120808,3,5.1,78.92,14.1,15.7,996.47,3.3,7.6,10.0,20.5,7.7,6,0.1,3.667,0
20120809,3,5.9,76.79,14.8,17.3,997.81,3.0,10.2,12.6,22.4,10.2,6,0.0,7.85,0
20120810,3,2.0,68.33,11.6,15.3,998.68,2.5,6.3,9.7,20.8,7.1,0,0.0,12.433,0
20120811,3,0.9,66.25,12.1,16.4,994.3,3.4,6.2,10.2,22.0,8.4,0,0.0,13.0,0
20120812,3,4.3,61.54,12.4,18.4,987.33,4.6,9.4,10.5,24.9,9.2,0,0.0,13.2,0
20120813,3,5.2,67.71,15.7,19.8,986.16,2.4,12.1,14.9,25.2,7.9,6,0.0,4.117,0
20120814,3,5.5,77.63,17.8,20.0,986.25,2.3,12.6,16.2,26.1,12.9,6,1.8,7.0,0
20120815,3,5.6,64.83,17.6,23.3,983.32,4.3,15.9,16.7,31.3,11.0,6,0.9,8.05,0
20120816,3,5.0,66.54,14.3,19.0,990.89,3.0,13.2,15.0,24.3,8.2,0,0.0,10.983,0
20120817,3,4.9,53.5,13.7,22.2,991.99,3.0,14.4,16.3,28.2,7.4,0,0.0,11.7,0
20120818,3,2.1,45.08,15.4,27.1,990.47,4.1,15.5,17.6,34.1,9.7,0,0.0,12.85,0
20120819,3,1.9,45.04,18.3,29.6,989.3,4.1,21.8,24.2,36.1,10.0,6,0.0,10.717,0
20120820,3,4.8,75.04,20.8,22.9,992.38,2.9,16.3,18.8,26.3,8.8,6,0.1,4.417,0
20120821,3,4.7,73.88,19.2,22.1,989.95,2.0,14.9,17.1,28.0,6.9,6,2.2,6.533,0
20120822,3,6.0,72.92,14.0,17.1,990.34,4.8,10.7,12.9,22.3,10.9,0,0.0,6.75,0
20120823,3,3.1,60.58,11.1,16.9,987.82,3.1,9.2,11.4,22.5,7.2,6,3.2,12.55,0
20120824,3,6.8,72.71,14.5,17.9,980.29,2.7,12.9,13.4,23.2,7.9,6,4.2,6.933,0
20120825,3,3.5,71.13,14.5,18.0,979.44,7.2,14.1,15.3,22.1,16.1,6,5.5,6.417,0
20120826,3,6.6,89.71,14.6,14.3,986.23,7.0,10.5,12.2,17.0,16.2,6,14.4,0.383,0
20120827,3,3.4,70.04,13.1,16.9,991.62,3.5,9.5,11.2,22.8,9.0,6,0.0,10.267,0
20120828,3,5.1,65.13,14.5,19.3,988.42,4.9,11.4,14.4,22.9,13.7,6,0.0,4.9,0
20120829,3,4.8,67.0,15.1,20.0,988.9,4.2,10.3,13.5,26.0,12.2,6,0.0,10.983,0
20120830,3,5.5,75.5,13.1,15.8,989.27,4.3,11.0,12.5,21.6,11.3,6,3.7,5.45,0
20120831,3,7.6,91.67,12.9,12.0,993.03,5.8,9.4,10.0,13.8,16.7,6,20.3,0.117,0
20120901,3,3.0,76.13,10.6,12.2,998.79,1.7,5.6,7.5,16.9,5.8,0,0.0,8.133,0
20120902,3,5.2,71.58,12.1,14.9,997.5,2.6,6.1,8.7,20.7,6.5,0,0.0,7.867,0
20120903,3,4.9,86.33,15.2,15.5,997.44,1.5,9.0,11.5,18.3,4.4,6,0.0,0.767,0
20120904,3,2.1,72.29,14.2,17.7,995.17,1.8,7.7,11.3,23.0,5.7,6,0.2,11.667,0
20120905,3,5.0,77.79,13.7,15.6,995.75,3.1,9.3,11.3,19.1,10.4,6,0.0,4.85,0
20120906,3,5.4,70.79,10.6,13.3,999.59,1.9,5.4,9.0,17.7,5.1,0,0.0,7.467,0
20120907,3,1.2,62.88,11.2,16.1,997.11,4.0,7.5,10.2,22.8,8.8,0,0.0,11.7,0
20120908,3,1.1,53.5,11.0,18.7,993.85,1.9,7.6,11.7,25.1,4.9,0,0.0,11.683,0
20120909,3,1.4,48.25,12.2,21.9,987.31,3.9,10.8,14.4,27.9,9.9,0,0.0,11.617,0
20120910,3,5.1,53.04,13.5,21.3,986.68,4.4,15.1,16.7,27.1,9.9,6,1.2,5.75,0
20120911,3,7.1,84.79,15.7,16.3,985.43,5.1,10.1,11.4,20.4,14.9,6,9.5,0.317,0
20120912,3,6.5,79.17,10.4,11.0,986.68,3.7,7.1,9.2,13.7,10.4,6,0.7,3.433,0
20120913,3,6.9,85.21,11.9,12.0,988.44,3.2,8.8,10.0,14.9,9.1,6,0.0,1.833,0
20120914,3,5.5,88.25,12.4,12.0,986.58,6.7,8.3,9.4,14.2,15.5,6,0.9,1.35,0
20120915,3,5.8,80.88,12.3,13.4,990.05,3.1,8.0,10.4,16.9,7.4,0,0.0,2.55,0
20120916,3,2.2,70.38,12.7,16.0,987.65,3.8,8.8,11.5,21.0,7.9,0,0.0,10.767,0
20120917,3,5.0,86.04,13.6,13.9,986.72,3.8,10.0,11.1,17.1,6.9,0,0.0,2.767,0
20120918,3,5.2,80.33,12.2,13.1,985.37,4.2,6.8,9.2,16.5,11.6,6,0.4,2.65,0
20120919,3,3.4,77.71,9.5,10.0,992.13,4.3,5.4,7.1,14.0,13.2,6,0.9,6.483,0
20120920,3,5.7,69.42,8.5,10.3,994.83,4.2,4.1,6.7,14.8,10.0,0,0.0,9.167,0
20120921,3,6.9,64.63,8.8,11.8,987.74,2.5,3.4,6.3,17.5,5.9,6,1.1,1.867,0
20120922,3,4.4,75.08,9.3,10.3,989.03,3.1,3.7,6.9,14.8,7.6,6,0.0,5.367,0
20120923,3,6.8,74.21,9.8,11.3,984.17,5.1,4.1,5.8,15.4,13.3,6,0.0,1.25,0
20120924,3,6.4,77.04,14.3,16.1,968.58,8.8,10.8,12.1,19.4,24.6,6,4.6,1.267,0
20120925,3,7.4,81.04,11.8,12.6,970.4,7.6,9.7,10.4,14.4,16.9,6,6.8,0.833,0
20120926,3,7.3,83.75,12.0,12.4,972.38,5.8,9.7,11.0,14.2,14.3,6,0.6,0.733,0
20120927,3,6.6,86.58,12.3,12.2,979.3,6.0,8.7,9.9,14.9,11.8,6,1.2,5.367,0
20120928,3,4.2,80.5,11.4,12.3,988.48,5.5,8.0,9.2,16.3,12.7,6,0.0,4.1,0
20120929,3,4.1,79.25,10.7,11.3,989.68,4.7,3.0,6.0,15.5,10.9,6,0.0,4.15,0
20120930,3,1.9,70.21,8.7,10.5,993.58,3.5,4.1,6.3,16.0,6.4,0,0.0,10.183,0
20121001,3,3.9,66.67,9.6,12.7,989.32,5.4,6.0,7.8,18.5,10.9,6,0.1,10.017,0
20121002,3,7.1,83.75,12.7,13.1,987.58,5.9,10.6,11.8,14.8,12.8,6,1.1,0.15,0
20121003,3,7.1,84.33,12.8,13.2,983.21,8.1,10.7,11.2,15.5,17.4,6,14.7,2.483,0
20121004,3,5.9,87.17,11.3,10.8,982.16,6.5,7.3,8.2,13.1,15.8,6,17.7,1.967,0
20121005,3,7.8,89.08,14.1,13.7,983.03,8.8,8.9,9.8,17.0,21.2,6,28.4,0.067,0
20121006,3,7.4,90.58,12.9,12.1,984.25,5.4,6.5,7.9,16.4,16.7,6,6.6,0.033,0
20121007,3,4.1,82.63,9.5,9.2,992.45,2.1,1.6,5.3,13.1,7.6,0,0.0,7.217,0
20121008,3,5.8,79.75,9.2,9.0,989.92,2.3,0.5,3.4,13.7,7.1,6,2.4,3.567,0
20121009,3,5.1,83.46,9.7,9.2,986.84,2.2,1.6,5.4,11.8,6.1,0,0.0,3.65,0
20121010,3,2.1,78.25,7.8,7.1,987.99,2.6,-0.4,3.0,11.6,6.7,0,0.0,8.3,0
20121011,3,3.8,81.04,9.8,9.5,981.97,3.4,1.4,3.9,14.6,8.0,6,3.0,7.983,0
20121012,3,5.4,83.67,11.3,11.3,979.8,6.4,5.9,7.4,13.5,18.8,6,3.9,1.883,0
20121013,3,5.0,83.54,9.5,8.8,980.09,7.3,4.6,5.7,12.9,14.6,6,8.8,1.65,0
20121014,3,5.8,85.38,8.4,6.8,973.31,4.7,3.9,5.1,8.6,11.8,6,0.0,1.217,0
20121015,3,5.6,83.33,9.0,8.2,977.17,5.5,4.5,5.4,11.4,12.8,6,1.2,4.633,0
20121016,3,4.8,84.63,9.6,8.8,979.79,8.0,6.0,7.3,10.9,15.9,6,0.8,1.3,0
20121017,3,6.2,82.33,11.7,12.0,979.82,6.3,4.1,6.1,15.5,15.3,6,0.5,0.0,0
20121018,3,5.7,67.29,13.2,17.2,980.92,7.3,13.3,15.0,20.3,13.9,6,0.0,5.717,0
20121019,3,4.6,59.0,12.7,18.6,984.01,5.6,13.0,15.2,22.0,13.7,0,0.0,6.4,0
20121020,3,4.4,82.29,15.0,16.1,988.98,3.5,9.6,11.6,19.0,12.8,0,0.0,0.967,0
20121021,3,3.1,80.13,15.2,16.8,988.73,2.4,10.8,12.1,21.3,5.2,0,0.0,5.967,0
20121022,3,1.0,73.17,14.3,17.1,992.6,2.8,9.4,13.3,21.1,6.6,0,0.0,6.317,0
20121023,3,3.1,76.92,11.5,13.1,994.85,3.8,7.5,9.1,17.4,8.0,0,0.0,8.283,0
20121024,3,2.9,88.75,11.4,10.8,991.93,3.5,6.1,7.2,15.8,7.6,6,0.0,8.283,0
20121025,3,8.0,98.88,11.5,9.2,987.94,2.3,6.7,7.5,10.2,8.5,6,1.8,0.0,0
20121026,3,8.0,93.25,8.1,4.9,981.36,4.3,1.2,1.8,7.5,8.6,6,11.8,0.0,0
20121027,3,1.8,74.67,4.9,1.3,979.73,3.6,-3.8,-1.6,4.8,8.9,0,0.0,8.833,0
20121028,3,0.8,84.83,5.6,1.0,987.77,2.5,-5.2,-2.7,5.8,8.3,0,0.0,8.583,0
20121029,3,7.5,78.33,6.5,4.1,984.11,7.8,1.0,2.4,6.0,14.6,6,6.6,0.0,0
20121030,3,7.2,94.5,9.0,6.3,976.66,4.9,3.3,4.8,8.1,13.6,6,5.9,0.017,0
20121031,3,4.8,76.42,7.9,7.7,970.55,4.7,1.2,4.9,11.9,10.4,6,0.0,8.45,0
20121101,3,4.4,80.96,8.3,7.2,959.25,7.2,0.8,4.5,9.7,16.4,6,4.8,0.383,0
20121102,3,4.3,83.0,7.8,6.1,968.58,9.2,3.5,4.7,9.3,19.3,6,1.1,5.1,0
20121103,3,4.8,87.79,8.4,6.2,972.73,6.1,3.9,5.2,7.9,14.4,6,1.8,0.417,0
20121104,3,5.5,84.5,8.5,7.1,971.71,6.3,2.9,4.4,10.1,16.5,6,3.9,0.733,0
20121105,3,6.1,91.17,8.5,5.9,975.35,5.7,2.6,3.7,7.4,13.3,6,1.3,0.167,0
20121106,3,4.7,90.0,8.1,5.4,989.37,5.3,0.5,2.3,8.0,15.1,6,5.5,5.517,0
20121107,3,7.6,93.08,9.9,7.9,995.56,7.1,5.6,6.0,9.2,13.5,6,0.1,0.0,0
20121108,3,7.8,85.71,8.9,7.6,991.96,6.8,6.4,6.9,8.6,14.2,6,0.2,0.0,0
20121109,3,6.5,80.29,8.6,8.1,986.5,3.5,3.3,6.3,10.4,10.1,6,2.8,2.383,0
20121110,3,6.5,87.04,11.2,10.6,974.1,5.7,6.5,7.9,13.2,14.0,6,0.9,1.417,0
20121111,3,4.4,85.5,8.8,7.3,984.05,4.6,3.8,5.1,10.3,13.8,0,0.0,5.833,0
20121112,3,5.0,83.67,8.0,6.3,996.74,4.7,3.4,4.7,9.1,10.7,0,0.0,6.367,0
20121113,3,7.5,89.0,9.0,7.0,1001.72,3.9,4.3,4.8,8.7,10.1,6,0.0,0.0,0
20121114,3,1.0,88.75,7.6,4.8,999.26,3.1,-3.0,0.8,9.5,8.1,0,0.0,7.883,0
20121115,3,8.0,89.83,6.7,2.8,995.03,1.8,1.0,1.5,4.0,5.1,0,0.0,0.0,0
20121116,3,4.0,85.58,6.6,3.3,989.55,1.8,-1.5,1.5,6.2,4.0,0,0.0,4.683,0
20121117,3,5.1,80.13,8.0,6.7,982.84,2.8,-2.1,1.7,10.0,7.4,6,0.8,4.517,0
20121118,3,8.0,97.88,10.0,7.2,985.43,2.6,4.0,4.9,8.7,6.3,6,3.5,0.0,0
20121119,3,3.2,90.21,9.7,8.0,988.08,3.9,0.4,2.3,12.8,9.2,0,0.0,3.617,0
20121120,3,3.7,81.88,8.7,7.8,989.09,3.4,-1.0,1.7,12.1,7.4,0,0.0,7.333,0
20121121,3,5.9,87.5,7.7,5.1,986.02,5.4,-1.5,0.2,9.4,15.7,6,0.0,1.317,0
20121122,3,1.8,81.63,8.4,7.4,992.63,6.1,1.8,4.8,10.1,14.0,0,0.0,7.467,0
20121123,3,7.6,84.46,8.8,7.6,988.12,6.2,3.4,6.1,9.1,15.8,6,13.2,0.0,0
20121124,3,7.7,94.88,10.7,8.7,987.47,2.5,7.0,7.3,12.3,11.9,6,1.0,0.083,0
20121125,3,4.3,73.58,8.9,9.7,981.93,10.6,4.9,6.4,13.5,22.1,6,0.0,2.983,0
20121126,3,5.8,82.67,9.0,8.0,977.66,6.3,2.4,4.6,10.1,13.6,6,2.2,0.0,0
20121127,3,7.4,81.79,7.9,6.5,976.31,4.1,1.7,3.9,8.2,10.4,6,0.0,0.117,0
20121128,3,7.8,94.63,7.8,4.2,977.99,2.6,2.1,3.6,5.4,7.2,6,0.0,0.083,0
20121129,3,7.0,89.25,6.8,3.0,977.37,4.0,0.9,1.5,3.9,10.5,8,0.2,0.25,0
20121130,3,4.3,93.54,6.3,1.3,981.79,2.7,-2.7,-1.2,3.0,6.4,7,0.0,2.367,0
20121201,3,7.5,94.42,6.1,0.8,984.2,5.6,-1.3,-0.3,3.0,14.0,8,1.7,0.5,0
20121202,3,7.8,99.13,6.5,1.1,983.57,6.5,0.0,-0.1,2.2,11.8,8,1.8,0.0,1
20121203,3,7.0,93.71,6.7,2.0,981.51,6.8,-1.1,-0.4,5.8,16.2,8,2.9,0.0,0
20121204,3,7.3,92.17,7.2,3.4,972.6,7.1,1.3,2.1,4.2,16.2,6,1.7,0.167,0
20121205,3,8.0,99.21,6.5,1.0,975.32,4.5,-0.5,-0.3,2.6,9.7,8,4.1,0.0,0
20121206,3,6.3,94.42,5.5,-0.8,985.52,5.3,-3.7,-2.5,0.2,12.3,7,0.0,0.083,2
20121207,3,7.8,91.38,5.3,-0.6,974.9,6.5,-4.2,-1.6,0.8,17.1,7,0.6,0.0,1
20121208,3,3.4,92.96,4.3,-3.8,992.01,3.7,-12.9,-6.2,-1.5,11.4,7,0.6,6.55,4
20121209,3,7.6,95.46,6.4,1.2,987.02,9.1,-3.6,-3.0,4.8,18.1,8,8.9,0.0,6
20121210,3,7.7,92.33,6.3,1.5,984.85,6.6,-1.0,-0.6,3.1,14.3,8,0.0,0.0,0
20121211,3,5.7,87.25,4.7,-1.7,996.39,3.6,-6.5,-3.7,-0.5,8.4,7,0.0,1.417,0
20121212,3,4.4,78.08,4.1,-2.1,992.9,4.8,-5.7,-3.9,0.3,9.2,0,0.0,5.167,0
20121213,3,7.3,74.92,4.4,-0.6,980.98,3.2,-6.3,-4.5,2.9,11.4,8,0.0,1.433,0
20121214,3,7.5,87.5,8.0,5.6,969.63,7.0,0.5,2.4,9.7,21.1,6,6.7,0.55,0
20121215,3,6.7,85.42,9.1,7.8,971.02,8.2,5.0,6.3,9.3,14.6,6,3.7,1.783,0
20121216,3,7.0,90.67,8.8,6.5,976.23,7.0,4.0,5.4,8.2,14.1,6,6.3,0.25,0
20121217,3,7.0,92.08,8.8,6.3,976.73,5.7,4.5,5.2,7.5,11.8,6,0.7,0.083,0
20121218,3,7.3,93.88,8.1,4.8,985.34,3.9,3.0,4.1,5.5,9.0,6,0.0,0.0,0
20121219,3,6.3,90.38,7.5,4.3,993.43,2.3,-1.7,0.6,6.8,6.3,0,0.0,0.583,0
20121220,3,6.2,89.88,6.5,2.3,983.6,3.9,-1.7,0.1,5.1,9.8,6,8.1,0.0,0
20121221,3,7.9,96.88,9.5,6.7,982.75,4.6,4.4,5.0,7.4,8.9,6,2.1,0.0,0
20121222,3,7.6,92.0,9.1,6.7,984.07,6.6,4.5,5.6,11.9,16.5,6,22.4,0.0,0
20121223,3,8.0,94.75,12.2,10.7,979.16,9.5,7.0,7.0,12.3,19.7,6,15.9,0.0,0
20121224,3,7.5,82.46,10.5,10.6,977.62,7.0,7.2,7.3,12.6,17.6,6,0.1,0.15,0
20121225,3,7.2,82.0,9.4,9.0,973.03,9.6,6.3,7.2,11.8,20.5,6,11.8,0.383,0
20121226,3,7.4,88.0,8.7,6.8,979.8,8.9,4.5,4.8,8.3,22.7,6,6.7,0.467,0
20121227,3,6.5,88.33,8.8,6.9,977.55,8.1,4.7,5.2,8.9,19.5,6,7.7,0.35,0
20121228,3,7.4,91.79,8.8,6.3,994.18,6.1,3.9,4.9,9.0,14.0,6,0.9,1.317,0
20121229,3,7.2,80.67,9.7,9.8,985.79,8.0,6.7,7.5,11.4,17.1,6,3.6,3.083,0
20121230,3,6.3,82.79,7.9,6.4,986.57,9.7,0.8,2.1,8.7,18.0,8,7.7,0.967,0
20121231,3,6.9,80.21,8.5,7.8,984.48,10.9,5.5,6.7,8.9,19.6,6,1.4,0.233,0
20121215,3,6.7,85.42,9.1,7.8,971.02,8.2,5.0,6.3,9.3,14.6,6,3.7,1.783,0
20121216,3,7.0,90.67,8.8,6.5,976.23,7.0,4.0,5.4,8.2,14.1,6,6.3,0.25,0
20121217,3,7.0,92.08,8.8,6.3,976.73,5.7,4.5,5.2,7.5,11.8,6,0.7,0.083,0
20121218,3,7.3,93.88,8.1,4.8,985.34,3.9,3.0,4.1,5.5,9.0,6,0.0,0.0,0
20121219,3,6.3,90.38,7.5,4.3,993.43,2.3,-1.7,0.6,6.8,6.3,0,0.0,0.583,0
20121220,3,6.2,89.88,6.5,2.3,983.6,3.9,-1.7,0.1,5.1,9.8,6,8.1,0.0,0
20121221,3,7.9,96.88,9.5,6.7,982.75,4.6,4.4,5.0,7.4,8.9,6,2.1,0.0,0
20121222,3,7.6,92.0,9.1,6.7,984.07,6.6,4.5,5.6,11.9,16.5,6,22.4,0.0,0
20121223,3,8.0,94.75,12.2,10.7,979.16,9.5,7.0,7.0,12.3,19.7,6,15.9,0.0,0
20121224,3,7.5,82.46,10.5,10.6,977.62,7.0,7.2,7.3,12.6,17.6,6,0.1,0.15,0
20121225,3,7.2,82.0,9.4,9.0,973.03,9.6,6.3,7.2,11.8,20.5,6,11.8,0.383,0
20121226,3,7.4,88.0,8.7,6.8,979.8,8.9,4.5,4.8,8.3,22.7,6,6.7,0.467,0
20121227,3,6.5,88.33,8.8,6.9,977.55,8.1,4.7,5.2,8.9,19.5,6,7.7,0.35,0
20121228,3,7.4,91.79,8.8,6.3,994.18,6.1,3.9,4.9,9.0,14.0,6,0.9,1.317,0
20121229,3,7.2,80.67,9.7,9.8,985.79,8.0,6.7,7.5,11.4,17.1,6,3.6,3.083,0
20121230,3,6.3,82.79,7.9,6.4,986.57,9.7,0.8,2.1,8.7,18.0,8,7.7,0.967,0
20121231,3,6.9,80.21,8.5,7.8,984.48,10.9,5.5,6.7,8.9,19.6,6,1.4,0.233,0
20130101,3,6.3,90.13,8.2,5.5,978.7,-999.0,0.8,2.3,7.7,-999.0,6,4.1,0.0,0
20130102,3,7.1,90.88,7.5,4.3,994.83,5.5,2.0,2.9,5.8,14.3,6,1.0,0.067,0
20130103,3,8.0,97.92,10.3,7.6,1003.23,7.7,5.1,5.5,9.3,15.6,6,3.6,0.0,0
20130104,3,8.0,100.0,10.8,8.0,1007.38,6.3,6.3,6.3,8.8,10.8,6,2.0,0.0,0
20130105,3,8.0,99.67,9.5,6.3,1005.92,4.5,5.4,5.6,7.0,9.3,6,0.5,0.0,0
20130106,3,8.0,98.96,9.8,6.9,1002.9,4.7,5.8,6.0,7.4,8.4,6,0.0,0.0,0
20130107,3,8.0,92.21,8.9,6.5,1000.3,3.5,4.6,4.5,7.6,8.0,6,0.0,0.0,0
20130108,3,8.0,93.21,8.0,4.8,997.82,4.5,3.4,3.4,5.8,8.7,0,0.0,0.0,0
20130109,3,8.0,93.71,7.6,3.9,992.71,5.2,3.3,3.5,4.6,9.2,6,3.4,0.0,0
20130110,3,7.0,95.0,7.5,3.6,985.79,3.9,0.7,1.8,5.0,7.7,6,0.7,1.1,0
20130111,3,5.0,89.08,5.3,-0.5,988.11,3.4,-4.6,-2.6,2.7,7.2,0,0.0,4.217,0
20130112,3,3.7,76.79,4.1,-1.8,988.07,4.7,-6.7,-4.6,1.2,8.8,7,0.0,5.183,0
20130113,3,5.3,80.79,4.0,-2.7,987.52,4.6,-7.1,-3.8,-1.4,9.2,7,0.0,4.917,0
20130114,3,6.2,86.75,4.1,-3.5,984.76,3.2,-7.5,-4.8,-1.9,12.2,7,0.0,1.017,0
20130115,3,7.8,85.5,4.4,-2.2,976.56,3.8,-4.7,-4.8,-0.5,15.9,7,3.1,0.167,0
20130116,3,7.8,97.29,4.0,-5.2,981.8,2.2,-7.7,-6.8,-4.4,5.2,7,0.2,0.0,4
20130117,3,8.0,98.25,4.1,-5.2,988.53,2.3,-5.5,-5.7,-4.5,5.7,7,0.1,0.0,4
20130118,3,7.6,91.5,4.3,-3.5,980.2,4.0,-4.8,-4.6,-2.1,12.3,7,0.0,0.717,4
20130119,3,7.5,85.63,3.9,-4.0,968.89,7.7,-5.7,-5.4,-2.7,13.6,7,0.0,0.0,4
20130120,3,7.8,91.75,4.2,-4.2,965.03,7.1,-6.6,-6.5,0.0,13.5,8,3.2,0.0,4
20130121,3,7.6,85.54,4.9,-1.0,969.42,2.8,-3.1,-2.4,0.5,9.6,7,0.0,0.0,6
20130122,3,7.3,93.92,5.0,-1.7,975.85,2.1,-6.2,-3.5,1.8,6.2,0,0.0,0.45,6
20130123,3,6.8,94.08,4.8,-2.5,979.94,2.5,-11.5,-6.6,-0.4,4.8,0,0.0,0.533,4
20130124,3,7.7,93.25,3.9,-5.2,985.83,3.0,-9.8,-7.6,-4.0,5.9,7,0.0,0.0,4
20130125,3,7.2,87.71,4.0,-3.9,989.38,2.5,-12.4,-7.0,-3.1,7.6,7,0.0,0.0,4
20130126,3,5.9,88.38,4.3,-3.3,982.62,5.0,-13.0,-8.5,0.1,11.5,8,0.0,1.067,4
20130127,3,6.9,83.88,6.3,2.8,976.49,9.8,-0.9,0.0,4.6,20.3,6,2.2,0.0,4
20130128,3,5.2,87.08,6.8,3.5,983.29,8.1,0.7,2.1,6.7,23.1,6,3.1,1.9,0
20130129,3,7.9,92.75,10.6,8.8,981.13,11.7,5.4,6.4,10.9,21.9,6,10.5,0.0,0
20130130,3,5.9,85.5,10.7,10.1,981.17,11.6,5.6,6.7,12.1,25.9,6,11.4,0.05,0
20130131,3,7.2,81.21,7.9,6.6,986.37,11.0,4.5,5.4,8.3,21.8,6,4.7,0.167,0
20130201,3,7.8,89.67,7.9,5.1,974.37,6.9,2.1,2.1,7.2,17.0,6,7.4,0.0,0
20130202,3,7.0,90.67,6.4,2.0,978.39,5.5,-0.3,0.5,3.5,14.6,8,2.8,1.85,0
20130203,3,7.9,92.58,6.7,2.2,988.62,7.1,0.8,1.2,4.2,19.4,8,1.2,0.05,0
20130204,3,7.3,92.67,8.6,5.9,982.86,7.5,2.8,4.2,7.9,15.0,6,6.1,0.217,0
20130205,3,6.6,84.79,6.1,2.2,973.2,8.5,-1.3,-0.1,5.5,18.1,8,9.0,1.717,0
20130206,3,6.4,94.67,5.9,0.3,970.65,4.9,-8.0,-1.3,1.3,14.6,8,1.5,1.733,2
20130207,3,7.5,99.13,6.1,0.1,982.83,4.8,-2.1,-0.5,1.4,10.1,8,5.0,0.133,3
20130208,3,7.4,94.42,5.6,-0.4,986.09,3.8,-3.1,-2.0,0.7,8.1,7,1.1,0.517,6
20130209,3,6.5,89.5,4.8,-1.8,990.24,2.2,-8.1,-3.8,1.4,5.5,7,0.0,4.333,6
20130210,3,5.7,71.0,3.7,-2.0,981.13,5.6,-5.4,-3.8,-0.4,12.7,7,0.0,8.333,5
20130211,3,7.4,77.25,4.0,-2.2,972.87,6.7,-5.5,-4.2,-1.2,12.6,7,0.0,0.0,5
20130212,3,6.7,76.38,3.8,-2.7,984.37,4.0,-6.4,-4.5,-1.9,8.9,7,0.0,0.0,6
20130213,3,3.7,67.75,3.5,-2.2,994.94,1.9,-10.3,-4.6,1.5,5.3,0,0.0,4.783,5
20130214,3,6.5,75.63,4.1,-1.9,988.93,4.6,-11.6,-6.3,1.1,12.5,8,3.2,0.0,4
20130215,3,8.0,99.33,6.7,1.4,989.95,4.2,-0.1,-0.1,2.7,7.2,6,1.1,0.0,5
20130216,3,7.6,96.88,7.4,3.1,995.35,2.6,0.2,1.8,5.3,5.9,6,0.0,0.0,0
20130217,3,5.0,90.63,6.7,2.7,994.82,2.8,-3.9,-0.3,6.3,7.5,0,0.0,4.333,0
20130218,3,3.0,82.54,5.5,1.2,992.71,2.1,-5.0,-2.0,4.6,4.7,0,0.0,9.05,0
20130219,3,7.4,91.96,6.1,1.1,989.92,2.4,-2.0,-0.4,2.5,7.4,6,0.5,0.0,0
20130220,3,4.0,81.08,4.6,-0.9,994.2,5.5,-4.0,-2.3,1.0,10.0,7,0.0,4.15,0
20130221,3,5.5,84.17,4.3,-2.5,993.32,5.2,-5.3,-3.9,-1.0,11.7,7,0.1,2.217,0
20130222,3,6.1,80.75,3.7,-3.8,988.19,5.9,-6.4,-5.0,-2.3,12.1,7,0.1,1.583,1
20130223,3,7.9,92.75,4.1,-4.3,986.32,4.6,-5.6,-5.6,-3.2,11.3,7,4.3,0.0,1
20130224,3,8.0,99.25,5.3,-1.9,987.06,4.1,-3.2,-3.2,-0.9,7.8,7,2.6,0.0,12
20130225,3,8.0,100.0,6.0,-0.3,992.15,3.5,-0.9,-0.9,0.3,6.8,7,4.8,0.0,15
20130226,3,7.5,96.13,6.4,1.2,1000.66,3.4,-2.5,-0.9,2.7,7.6,7,0.0,0.567,14
20130227,3,8.0,99.96,5.9,-0.5,1002.08,3.9,-0.8,-0.9,0.7,8.8,7,0.0,0.0,6
20130228,3,7.7,94.04,5.9,0.4,998.76,2.5,-1.1,-1.1,2.1,5.5,0,0.0,0.0,6
20130301,3,8.0,89.21,5.8,0.8,997.23,2.5,-0.5,-0.4,2.2,6.4,8,0.1,0.0,4
20130302,3,7.8,77.04,4.9,0.7,996.66,1.9,-0.5,0.0,2.4,5.5,0,0.0,0.367,2
20130303,3,7.5,83.25,5.6,1.2,995.0,2.6,-1.7,-0.6,2.8,8.4,8,0.0,0.117,2
20130304,3,0.0,68.88,5.4,4.2,988.44,4.6,-5.9,-3.1,11.8,9.5,0,0.0,10.117,0
20130305,3,2.1,49.17,5.7,9.2,981.36,3.5,-2.6,2.5,16.1,9.4,0,0.0,8.667,0
20130306,3,6.5,43.67,5.8,11.5,975.02,3.8,2.7,6.3,17.6,8.4,0,0.0,6.45,0
20130307,3,7.5,67.21,8.6,10.4,971.57,2.6,4.5,7.2,13.8,7.5,6,2.8,0.0,0
20130308,3,7.5,86.67,11.3,11.0,970.65,3.1,5.2,6.9,15.2,8.0,6,2.8,3.717,0
20130309,3,7.8,92.67,10.3,8.5,971.73,6.9,6.0,6.0,10.4,16.2,6,6.2,0.017,0
20130310,3,8.0,96.83,6.3,0.7,973.4,5.3,-2.0,-2.1,6.0,11.0,8,1.5,0.0,0
20130311,3,8.0,90.67,4.2,-3.7,976.28,5.9,-4.7,-4.6,-2.0,12.8,7,3.1,0.0,0
20130312,3,7.9,90.83,3.9,-4.8,974.71,6.9,-5.6,-5.4,-3.9,13.9,7,3.7,0.0,3
20130313,3,3.8,78.04,3.3,-4.7,978.36,2.1,-22.2,-9.8,-1.1,5.2,7,0.0,6.783,11
20130314,3,5.0,81.17,4.2,-2.2,983.7,2.7,-16.4,-7.2,0.4,9.0,7,0.4,3.15,11
20130315,3,5.3,72.88,4.0,-1.5,986.34,5.5,-14.7,-7.8,2.2,14.9,7,0.0,1.067,8
20130316,3,7.3,51.92,4.0,3.4,980.04,8.0,-0.7,1.0,5.5,15.0,8,1.0,0.633,7
20130317,3,6.3,79.96,6.6,4.3,969.62,5.4,1.0,2.2,6.8,12.3,6,0.0,4.75,5
20130318,3,3.2,67.33,5.9,5.1,965.75,5.2,-0.2,1.7,10.0,13.1,6,0.2,6.667,0
20130319,3,6.0,83.38,6.7,3.9,970.27,4.7,-0.9,1.9,7.1,11.7,8,3.7,2.233,0
20130320,3,7.9,96.67,6.5,1.2,975.92,3.1,-0.7,-0.7,3.2,7.1,8,8.3,0.0,0
20130321,3,6.0,84.54,5.0,-0.3,989.52,2.3,-3.7,-2.2,1.7,5.4,7,0.0,0.033,0
20130322,3,4.6,81.38,5.1,0.5,986.39,7.8,-4.5,-3.4,5.0,15.1,0,0.0,8.117,0
20130323,3,8.0,73.42,4.4,-0.3,983.66,10.7,-1.6,-1.2,1.4,18.9,7,0.0,0.0,0
20130324,3,8.0,58.63,3.2,-1.4,983.75,9.7,-4.7,-4.8,1.7,16.4,7,0.2,0.0,0
20130325,3,6.2,56.04,3.3,-0.5,983.8,8.2,-3.5,-3.2,3.7,14.0,0,0.0,6.15,0
20130326,3,3.0,55.88,3.2,-0.7,983.04,6.4,-5.9,-4.3,4.1,13.9,0,0.0,11.033,0
20130327,3,2.5,58.17,3.5,0.0,981.65,5.0,-7.3,-4.6,4.3,12.1,0,0.0,10.717,0
20130328,3,5.2,66.13,4.2,0.7,980.1,2.5,-7.6,-2.7,4.3,7.6,7,0.6,3.6,0
20130329,3,7.4,83.71,4.6,-1.5,980.28,1.9,-6.1,-2.5,0.0,5.3,7,0.2,0.317,2
20130330,3,6.1,83.42,4.8,-0.5,979.75,3.1,-6.1,-2.9,3.1,8.1,7,0.1,2.25,0
20130331,3,7.5,87.08,5.1,-0.5,983.92,2.9,-2.7,-2.2,3.5,7.4,7,0.2,1.367,0
20130401,3,3.5,66.5,4.2,1.0,982.04,5.0,-8.4,-3.8,5.9,11.9,0,0.0,11.267,0
20130402,3,0.5,57.46,3.8,1.5,982.75,6.0,-6.0,-2.9,7.4,12.6,0,0.0,11.317,0
20130403,3,6.2,67.29,4.3,0.8,985.46,6.2,-5.3,-3.1,3.8,12.3,7,0.0,0.167,0
20130404,3,6.7,65.75,4.6,2.1,982.01,6.5,-2.7,-1.1,6.0,11.3,0,0.0,3.333,0
20130405,3,6.6,79.33,5.2,0.9,982.52,4.8,-3.4,-1.4,1.9,9.9,8,0.0,0.0,0
20130406,3,6.8,83.0,5.8,2.0,990.97,2.8,-6.8,0.2,4.7,6.6,8,0.0,0.533,0
20130407,3,3.4,54.92,4.3,4.3,991.58,2.4,-8.7,-0.9,9.3,7.2,0,0.0,12.133,0
20130408,3,7.4,62.75,5.2,4.4,978.38,4.4,-5.0,-0.8,8.7,11.9,6,0.0,3.233,0
20130409,3,6.5,81.83,7.7,6.0,972.48,4.5,0.5,2.8,9.5,10.0,6,2.4,0.983,0
20130410,3,7.8,90.38,9.0,6.8,976.9,5.1,3.5,5.9,8.6,12.8,6,4.5,0.0,0
20130411,3,7.4,82.33,10.3,10.3,972.09,6.8,6.1,6.8,13.3,16.8,6,0.7,0.667,0
20130412,3,6.5,82.96,9.5,9.0,974.99,7.4,5.8,6.7,13.2,20.1,8,2.7,3.667,0
20130413,3,6.3,72.63,8.7,10.0,988.57,7.0,5.4,6.3,14.0,13.8,6,0.1,4.167,0
20130414,3,6.5,63.17,11.3,16.2,992.7,5.9,9.7,10.6,22.9,12.6,0,0.0,5.7,0
20130415,3,5.4,69.29,11.8,15.3,992.02,3.6,7.6,11.4,18.2,10.2,6,0.3,4.983,0
20130416,3,6.3,65.75,10.6,14.5,992.15,5.4,5.3,9.2,18.9,14.8,6,0.0,5.717,0
20130417,3,7.6,62.33,11.8,17.3,991.76,4.8,11.2,11.8,22.6,12.9,6,0.0,5.9,0
20130418,3,4.9,52.46,8.3,13.8,989.09,8.0,6.2,8.6,19.2,15.8,6,0.0,9.183,0
20130419,3,5.7,73.21,7.8,8.0,996.24,5.5,3.7,5.2,11.9,12.5,6,0.3,3.217,0
20130420,3,4.6,63.33,6.0,6.8,1000.53,4.9,0.9,2.0,11.3,11.7,0,0.0,10.817,0
20130421,3,6.8,64.5,6.8,7.7,992.0,2.0,-0.5,2.6,10.8,5.4,6,0.0,0.833,0
20130422,3,3.6,55.88,6.3,9.2,989.66,3.2,-3.0,2.9,14.8,9.3,0,0.0,12.067,0
20130423,3,7.2,73.38,9.5,10.6,993.32,5.2,5.9,7.9,14.2,12.2,6,0.0,1.15,0
20130424,3,3.6,64.79,10.6,14.7,997.3,4.5,3.8,7.8,21.6,10.1,0,0.0,13.067,0
20130425,3,3.3,61.88,11.7,17.2,994.48,3.1,7.6,10.9,24.2,8.1,0,0.0,8.667,0
20130426,3,6.5,79.79,10.6,11.4,983.27,4.2,4.7,4.9,17.5,9.9,6,5.9,0.683,0
20130427,3,7.5,76.08,7.0,5.9,983.37,4.0,1.9,3.6,8.6,9.5,0,0.0,2.133,0
20130428,3,6.3,74.5,6.8,6.0,988.15,3.1,1.0,1.6,9.8,7.1,0,0.0,0.7,0
20130429,3,5.2,65.83,7.2,8.4,989.76,5.3,1.5,4.2,12.6,13.5,0,0.0,5.717,0
20130430,3,7.3,56.33,6.6,9.4,994.22,3.4,-1.7,3.9,13.2,8.9,0,0.0,2.8,0
20130501,3,6.0,66.92,9.2,11.7,993.19,4.3,5.0,6.2,16.4,9.7,6,0.2,8.167,0
20130502,3,5.1,73.04,11.3,13.7,990.87,2.6,4.9,9.9,18.9,7.8,6,0.0,4.267,0
20130503,3,6.8,68.75,10.5,13.5,989.26,3.1,4.9,8.3,18.2,7.6,0,0.0,7.783,0
20130504,3,1.0,69.17,9.3,11.7,991.09,4.4,4.4,6.6,17.9,11.6,0,0.0,12.933,0
20130505,3,1.2,58.96,8.8,13.5,994.86,3.0,4.4,6.4,19.0,7.3,0,0.0,13.45,0
20130506,3,3.5,51.54,9.3,16.4,991.25,2.7,2.3,7.8,23.1,9.2,0,0.0,10.417,0
20130507,3,5.5,80.92,12.9,14.1,987.24,2.7,8.8,10.5,20.1,10.2,6,7.3,4.45,0
20130508,3,4.9,81.13,13.7,14.9,983.77,5.2,8.1,10.2,20.5,12.4,6,3.6,4.933,0
20130509,3,6.4,74.71,11.3,13.2,985.47,4.7,8.7,10.3,17.0,13.1,6,0.0,7.067,0
20130510,3,6.1,79.04,10.1,10.5,987.21,5.5,6.8,8.3,13.0,12.8,6,0.3,1.567,0
20130511,3,5.8,83.63,10.3,10.1,986.65,5.5,6.2,7.2,14.3,14.4,6,15.6,2.45,0
20130512,3,7.3,81.58,8.8,8.2,987.41,6.2,5.5,6.1,11.1,12.5,6,3.0,2.05,0
20130513,3,7.5,83.75,10.5,10.3,985.91,7.2,6.7,7.3,13.8,14.5,6,0.3,0.9,0
20130514,3,7.0,78.46,9.4,9.6,981.02,4.9,5.8,7.1,12.5,11.8,6,0.6,2.3,0
20130515,3,6.5,77.5,10.9,12.0,973.59,4.9,5.5,8.7,14.9,11.4,6,0.3,0.717,0
20130516,3,7.8,93.33,10.9,9.2,971.82,2.7,6.6,7.2,10.9,8.5,6,7.4,0.0,0
20130517,3,8.0,98.13,10.5,7.9,975.31,3.5,7.1,6.9,9.0,7.7,6,10.1,0.0,0
20130518,3,5.3,86.54,10.6,10.0,980.71,3.5,5.6,6.9,14.9,7.4,0,0.0,4.933,0
20130519,3,3.8,76.67,11.2,13.0,980.5,3.8,4.6,5.8,18.9,8.1,6,0.0,11.75,0
20130520,3,6.0,88.38,10.9,10.1,981.16,3.2,3.6,7.0,13.7,7.3,6,1.9,1.483,0
20130521,3,6.9,88.67,11.1,10.3,982.59,3.3,3.3,6.4,15.1,8.3,6,10.4,3.85,0
20130522,3,7.8,89.38,9.3,7.6,986.02,4.9,5.8,5.9,9.4,11.7,6,15.1,0.05,0
20130523,3,7.0,92.29,7.9,4.7,981.36,3.2,0.1,1.6,7.2,11.3,6,6.9,0.75,0
20130524,3,4.8,74.63,6.9,6.3,983.4,3.6,-0.2,1.2,11.1,11.6,6,0.1,6.95,0
20130525,3,5.6,76.29,8.0,8.0,987.01,3.8,-1.8,1.9,13.6,10.8,6,3.6,7.733,0
20130526,3,7.8,92.21,9.6,7.5,985.3,6.2,5.7,5.6,9.5,11.2,6,2.9,0.0,0
20130527,3,4.4,63.75,8.9,12.5,982.89,4.0,5.6,7.3,17.9,9.0,0,0.0,11.0,0
20130528,3,3.8,69.46,10.7,13.8,975.85,3.7,4.0,6.4,20.7,11.2,6,4.3,9.183,0
20130529,3,8.0,94.21,10.5,8.5,975.1,5.1,7.1,7.1,9.8,13.1,6,14.4,0.0,0
20130530,3,6.8,79.5,9.8,10.2,979.93,2.9,6.7,7.1,13.4,9.4,6,0.6,0.717,0
20130531,3,7.2,82.42,12.6,13.6,982.97,5.6,8.4,8.8,20.5,14.3,6,0.2,4.1,0
20130601,3,7.5,87.83,11.3,10.7,989.97,5.2,6.9,7.6,14.5,10.2,0,0.0,0.917,0
20130602,3,4.7,70.17,9.0,11.1,997.15,4.1,5.9,6.6,16.7,12.1,0,0.0,9.817,0
20130603,3,5.3,73.58,8.8,9.7,999.85,3.5,3.5,5.3,15.1,9.6,0,0.0,4.967,0
20130604,3,4.4,74.96,10.2,11.7,995.28,2.7,3.8,5.4,17.7,8.0,0,0.0,7.233,0
20130605,3,1.0,60.58,11.6,16.9,990.91,2.4,4.1,8.3,22.0,7.9,0,0.0,13.767,0
20130606,3,1.8,61.38,13.1,19.0,991.71,3.2,8.5,11.5,24.0,8.6,0,0.0,13.1,0
20130607,3,0.8,53.46,12.0,19.6,992.51,2.5,8.3,13.3,24.2,6.3,0,0.0,14.767,0
20130608,3,1.8,71.67,14.4,17.6,989.02,3.3,9.3,12.7,22.3,8.8,0,0.0,14.083,0
20130609,3,7.1,86.21,12.6,12.5,984.32,2.7,9.0,9.8,15.8,7.1,6,0.0,0.0,0
20130610,3,5.5,79.79,11.2,12.0,986.12,2.8,7.2,9.1,16.3,7.2,0,0.0,2.85,0
20130611,3,4.6,73.17,12.4,15.1,989.41,2.2,3.4,7.2,20.8,6.2,0,0.0,6.9,0
20130612,3,7.2,78.25,15.9,17.8,989.84,5.4,13.6,14.7,20.8,12.4,6,0.0,2.85,0
20130613,3,6.8,84.67,15.4,16.0,987.88,6.8,9.8,10.5,22.1,14.8,6,9.4,1.283,0
20130614,3,4.9,75.42,11.3,13.2,991.59,3.6,7.1,8.4,18.3,10.4,0,0.0,6.1,0
20130615,3,4.8,69.0,11.5,14.7,985.75,6.1,8.0,9.7,18.1,14.9,6,0.7,5.817,0
20130616,3,6.2,70.42,11.7,14.6,988.43,3.8,9.5,10.4,19.1,9.3,6,0.0,3.517,0
20130617,3,6.4,77.92,15.9,17.7,986.42,4.3,8.8,9.9,23.5,9.9,6,1.0,8.067,0
20130618,3,4.7,69.33,20.0,23.9,987.59,3.0,14.4,16.5,29.2,7.4,6,0.0,11.683,0
20130619,3,6.4,74.63,21.5,23.5,985.66,3.6,16.1,19.6,29.2,10.4,6,1.3,6.65,0
20130620,3,6.5,88.04,19.6,19.2,985.41,3.6,14.2,14.9,23.5,13.0,6,22.7,4.85,0
20130621,3,6.6,88.88,15.6,15.5,985.31,6.1,12.9,13.7,18.7,15.1,6,2.3,1.567,0
20130622,3,6.8,81.96,14.8,15.9,986.11,7.3,11.3,11.3,19.8,16.3,6,4.5,1.717,0
20130623,3,6.9,87.5,13.2,13.1,985.23,6.8,10.7,11.2,15.8,15.0,6,2.7,3.617,0
20130624,3,7.7,88.58,12.3,11.9,992.82,4.8,10.4,10.4,14.0,11.1,6,1.1,0.283,0
20130625,3,6.4,78.63,10.9,12.1,999.02,3.0,4.6,9.0,16.6,9.6,0,0.0,1.65,0
20130626,3,5.3,79.38,10.8,11.5,1000.51,2.6,2.9,6.3,14.7,8.2,6,9.6,3.217,0
20130627,3,7.0,86.0,11.4,11.2,995.96,3.5,6.7,8.0,14.6,8.9,6,1.1,0.983,0
20130628,3,7.8,90.54,12.7,12.0,992.01,4.6,8.8,9.6,15.1,8.9,6,10.7,0.017,0
20130629,3,7.5,86.67,13.6,13.8,992.07,4.8,7.0,9.7,17.0,11.9,6,1.0,2.967,0
20130630,3,4.3,79.63,13.0,14.3,995.17,3.7,4.1,6.8,20.2,9.5,0,0.0,6.533,0
20130701,3,4.8,83.42,15.5,16.3,990.07,4.4,9.4,11.6,20.5,8.8,0,0.0,8.15,0
20130702,3,5.8,71.21,13.5,17.2,986.63,3.4,7.1,9.8,23.6,10.0,6,10.4,11.25,0
20130703,3,7.8,91.71,16.8,16.2,983.13,3.8,13.1,14.1,18.9,10.0,6,10.2,0.0,0
20130704,3,6.3,85.33,16.0,16.5,993.84,4.1,12.2,13.2,21.1,9.2,6,0.0,4.9,0
20130705,3,4.5,83.83,16.6,17.5,1000.88,2.5,11.0,13.0,21.8,5.6,0,0.0,5.7,0
20130706,3,2.6,76.83,17.1,19.5,1001.62,3.0,10.4,12.9,24.8,7.4,0,0.0,13.783,0
20130707,3,0.5,67.79,15.6,20.2,1002.19,3.3,11.5,13.6,25.3,7.0,0,0.0,14.683,0
20130708,3,0.7,66.79,15.5,20.2,1001.89,3.3,10.5,13.0,25.4,8.7,0,0.0,14.767,0
20130709,3,0.7,70.83,16.0,19.7,997.51,2.9,11.0,12.9,25.0,6.9,0,0.0,14.233,0
20130710,3,3.9,76.33,14.7,16.9,994.22,3.5,10.7,12.6,21.7,9.1,0,0.0,8.85,0
20130711,3,6.5,75.71,12.0,13.9,994.73,2.8,7.2,11.2,16.7,7.8,0,0.0,0.667,0
20130712,3,5.0,80.79,12.8,14.1,995.35,2.0,5.8,9.4,19.0,10.6,0,0.0,3.617,0
20130713,3,5.0,72.67,13.4,16.5,995.55,2.0,9.3,13.0,20.5,5.5,0,0.0,5.85,0
20130714,3,4.6,77.42,14.9,17.0,996.18,2.0,7.7,10.4,22.3,5.8,0,0.0,13.45,0
20130715,3,3.2,67.67,15.5,19.9,995.3,2.1,11.1,13.6,25.1,6.0,0,0.0,9.95,0
20130716,3,5.0,59.5,14.0,20.5,995.64,1.7,9.8,13.8,26.0,5.6,0,0.0,12.05,0
20130717,3,6.3,66.5,15.9,20.6,995.98,2.7,10.2,13.3,24.8,7.3,0,0.0,6.733,0
20130718,3,1.7,66.71,16.8,21.8,996.12,3.5,12.5,14.4,27.5,8.7,0,0.0,14.233,0
20130719,3,1.3,68.13,16.0,20.4,995.68,3.9,11.1,13.8,26.0,10.2,0,0.0,13.067,0
20130720,3,2.3,80.38,15.9,17.4,994.14,3.3,11.1,13.4,21.5,7.5,0,0.0,7.967,0
20130721,3,0.7,67.08,17.2,22.3,991.74,3.5,12.1,13.3,30.0,7.3,0,0.0,14.45,0
20130722,3,3.2,58.75,17.9,24.8,989.3,2.6,15.4,18.7,32.1,10.1,6,0.9,11.933,0
20130723,3,3.8,68.54,19.8,23.8,986.36,2.5,15.8,17.9,30.9,9.2,6,0.0,12.033,0
20130724,3,5.3,80.54,19.5,20.7,987.97,3.2,14.8,16.8,26.0,8.5,6,0.2,6.117,0
20130725,3,3.5,79.67,20.4,21.5,988.14,2.3,13.8,16.2,26.3,13.1,6,1.4,7.25,0
20130726,3,5.6,77.17,20.8,22.4,986.35,3.1,16.7,18.6,28.8,13.5,6,0.3,4.733,0
20130727,3,5.6,80.33,22.2,22.9,981.42,3.5,15.9,17.5,28.9,19.9,6,10.4,9.6,0
20130728,3,6.5,78.17,18.5,20.2,984.16,3.2,13.9,16.0,22.9,9.9,6,0.0,1.933,0
20130729,3,6.4,74.75,16.7,19.5,988.12,5.1,12.8,13.5,23.4,15.7,6,2.4,8.267,0
20130730,3,6.3,83.33,16.2,17.1,990.33,5.9,12.5,13.4,22.3,13.3,6,2.1,5.283,0
20130731,3,4.6,77.25,17.2,19.4,990.84,5.4,14.8,16.4,23.6,14.0,6,0.0,6.867,0
20130801,3,0.8,59.71,16.9,24.1,988.05,3.7,14.9,16.5,31.2,7.8,0,0.0,14.067,0
20130802,3,0.6,46.96,17.9,28.6,984.34,5.0,20.6,21.2,35.0,10.3,6,2.9,13.55,0
20130803,3,4.0,66.83,16.2,20.9,990.81,4.6,12.0,14.5,25.1,11.4,0,0.0,8.667,0
20130804,3,2.3,57.08,13.1,20.6,993.64,2.5,10.8,13.4,27.2,7.6,0,0.0,12.3,0
20130805,3,4.8,53.29,15.0,23.6,988.32,3.7,11.8,14.5,30.4,11.6,6,0.1,10.567,0
20130806,3,4.1,67.96,15.0,19.3,988.4,3.6,13.2,14.7,23.5,11.5,6,0.0,9.083,0
20130807,3,6.8,93.33,16.9,15.9,983.83,4.0,11.3,13.3,20.7,10.0,6,7.0,0.6,0
20130808,3,6.4,83.75,14.7,15.6,990.82,2.2,10.7,13.0,20.4,6.7,0,0.0,1.733,0
20130809,3,5.6,74.0,14.4,17.4,993.17,2.7,10.8,12.6,23.5,9.2,6,0.1,6.733,0
20130810,3,5.4,75.67,13.6,15.9,993.46,3.9,9.1,11.4,20.5,9.9,0,0.0,5.783,0
20130811,3,3.2,65.25,11.5,16.0,991.79,4.4,6.5,9.3,22.6,11.7,0,0.0,8.567,0
20130812,3,5.7,73.38,13.4,16.3,988.68,3.8,11.3,13.2,20.3,9.8,6,0.4,2.833,0
20130813,3,4.0,68.88,11.5,15.0,992.2,4.5,6.0,9.5,19.8,11.4,6,0.0,7.75,0
20130814,3,3.3,70.21,11.5,14.7,995.75,3.2,4.7,8.4,20.8,9.2,6,0.0,8.433,0
20130815,3,4.4,69.54,13.6,17.2,994.38,4.1,7.7,11.0,22.0,9.8,6,0.0,2.2,0
20130816,3,2.5,52.58,12.9,21.7,990.2,3.9,12.8,15.9,28.1,8.9,6,0.2,12.733,0
20130817,3,6.3,67.42,15.4,19.9,988.32,4.5,13.6,15.0,24.6,14.1,6,0.0,7.117,0
20130818,3,7.0,81.04,17.6,18.9,985.48,5.7,15.6,16.4,21.6,13.8,6,14.4,0.867,0
20130819,3,4.6,79.46,14.3,15.9,990.68,4.5,8.5,11.6,21.1,14.9,6,3.0,6.85,0
20130820,3,4.4,72.0,11.9,14.9,1000.56,2.1,6.5,9.5,20.1,4.5,0,0.0,3.283,0
20130821,3,3.7,56.42,10.9,17.5,997.58,2.2,7.0,10.7,23.0,5.9,0,0.0,12.467,0
20130822,3,5.7,56.04,12.1,19.1,992.79,2.1,8.7,13.0,24.5,6.2,0,0.0,8.417,0
20130823,3,2.8,61.29,13.8,20.1,989.11,2.3,11.0,13.4,27.2,6.2,6,0.0,10.2,0
20130824,3,7.1,84.58,16.2,16.7,984.27,2.7,13.7,14.5,19.4,7.6,6,10.0,0.467,0
20130825,3,7.1,90.75,15.9,15.4,985.06,2.0,11.3,12.8,17.6,5.3,6,0.1,0.6,0
20130826,3,6.9,82.79,14.5,15.6,988.04,3.2,10.8,12.1,19.9,13.5,0,0.0,0.35,0
20130827,3,3.7,63.17,12.3,17.6,988.15,3.0,9.3,12.7,22.4,8.7,0,0.0,9.817,0
20130828,3,2.6,65.88,11.9,16.4,992.15,2.2,7.5,10.1,22.3,7.3,0,0.0,8.333,0
20130829,3,3.2,62.71,12.3,17.5,994.5,2.0,7.4,11.4,23.4,6.1,0,0.0,10.233,0
20130830,3,2.7,67.29,13.1,17.4,993.18,3.3,9.1,12.4,23.3,10.0,0,0.0,8.25,0
20130831,3,5.3,80.13,14.6,15.9,994.46,4.2,8.1,10.5,21.0,9.4,6,2.1,2.267,0
20130901,3,6.7,73.63,10.8,13.0,999.64,3.7,5.8,8.2,17.5,9.6,0,0.0,4.083,0
20130902,3,4.5,75.54,13.4,15.6,998.03,5.2,9.4,10.7,21.0,12.1,0,0.0,6.167,0
20130903,3,2.6,76.5,15.3,17.7,999.47,2.8,10.2,12.6,24.1,5.7,0,0.0,11.55,0
20130904,3,0.6,68.0,16.2,20.8,994.71,2.7,10.5,13.8,27.4,7.0,0,0.0,12.183,0
20130905,3,0.2,51.58,15.5,24.6,986.69,3.9,16.1,17.9,31.5,8.0,0,0.0,12.183,0
20130906,3,2.8,58.63,16.5,23.4,982.55,4.0,14.0,16.9,30.3,12.8,6,4.4,9.083,0
20130907,3,7.1,91.17,16.7,16.1,989.97,2.2,13.1,13.9,18.4,6.3,6,23.4,0.05,0
20130908,3,7.1,88.33,13.4,13.3,991.46,2.1,9.0,11.0,17.3,6.2,6,2.3,1.617,0
20130909,3,6.2,80.21,11.8,12.9,989.07,4.3,7.5,9.0,16.9,14.4,6,3.2,5.017,0
20130910,3,7.3,88.75,11.7,11.0,986.27,7.1,8.6,8.8,14.5,15.8,6,5.2,0.967,0
20130911,3,7.0,93.13,13.3,12.2,986.03,5.0,10.2,10.4,16.9,14.6,6,4.7,1.2,0
20130912,3,7.5,94.46,13.9,12.8,989.78,4.0,11.7,11.6,15.1,9.6,6,9.9,0.167,0
20130913,3,6.6,85.63,13.8,14.2,992.07,4.4,10.2,11.2,18.0,10.4,6,1.2,5.9,0
20130914,3,7.8,92.46,15.5,14.7,985.83,5.1,11.4,11.9,16.7,12.8,6,6.9,0.2,0
20130915,3,6.2,83.46,11.8,12.2,983.7,3.7,6.3,8.4,14.9,18.4,6,6.8,3.783,0
20130916,3,4.8,76.79,10.3,11.5,974.87,7.3,5.7,6.9,14.8,20.1,6,0.4,6.85,0
20130917,3,4.9,86.5,10.1,9.1,974.76,6.4,5.1,6.3,12.1,14.4,6,8.3,5.067,0
20130918,3,7.6,95.75,12.5,10.9,973.41,4.4,8.0,9.2,12.6,10.7,6,2.8,0.0,0
20130919,3,7.1,84.54,11.1,11.1,984.21,5.2,7.5,8.6,13.9,13.5,6,0.3,2.317,0
20130920,3,6.8,87.25,12.9,12.9,989.13,5.0,6.0,9.0,15.4,10.9,6,0.0,0.267,0
20130921,3,5.5,84.75,11.9,12.1,998.26,2.6,4.5,7.7,17.0,7.3,6,0.0,3.817,0
20130922,3,6.5,88.0,14.5,14.5,1000.23,2.8,10.8,11.7,18.3,5.3,6,0.0,0.8,0
20130923,3,5.5,86.5,14.8,15.1,997.65,1.7,7.0,10.8,17.9,4.4,0,0.0,0.35,0
20130924,3,1.7,81.0,13.2,14.4,989.39,2.1,5.2,9.2,20.0,5.5,0,0.0,10.783,0
20130925,3,6.0,87.58,14.2,14.2,984.12,2.6,6.7,9.9,18.9,6.6,6,0.0,4.05,0
20130926,3,7.0,88.83,13.3,13.0,987.72,2.7,5.7,7.9,16.2,5.9,6,0.1,1.667,0
20130927,3,3.4,87.21,10.9,10.5,988.82,3.7,3.7,5.0,17.1,8.0,0,0.0,8.367,0
20130928,3,5.0,79.67,10.8,11.5,984.29,5.2,3.3,5.5,17.4,12.3,0,0.0,7.183,0
20130929,3,4.0,69.71,9.9,12.3,980.58,7.5,6.8,8.7,16.6,11.9,0,0.0,3.15,0
20130930,3,0.8,75.21,9.1,9.9,981.59,5.6,2.6,5.6,16.0,10.8,0,0.0,10.6,0
20131001,3,2.7,74.5,9.6,10.9,985.05,4.3,2.8,5.5,16.8,9.4,0,0.0,8.433,0
20131002,3,3.0,66.67,8.3,10.6,988.72,5.6,3.0,4.6,17.1,11.0,0,0.0,9.25,0
20131003,3,4.9,64.21,10.1,13.6,988.07,4.4,5.0,6.2,21.2,8.8,6,0.8,7.033,0
20131004,3,7.3,80.83,16.1,17.4,987.86,5.7,13.1,14.5,20.8,15.2,6,3.4,3.783,0
20131005,3,7.1,91.92,15.7,15.0,991.0,2.7,8.6,11.3,17.3,7.9,6,0.2,0.617,0
20131006,3,6.4,88.13,13.0,12.9,997.8,1.4,5.6,9.2,15.7,3.3,0,0.0,0.567,0
20131007,3,3.9,79.25,11.9,13.0,998.59,2.0,5.8,9.2,17.7,4.3,0,0.0,4.983,0
20131008,3,7.4,79.04,12.8,14.2,997.36,2.1,12.0,12.6,16.7,5.8,6,0.0,1.0,0
20131009,3,7.3,90.33,13.3,12.7,989.88,5.0,7.9,8.3,14.0,12.3,8,12.6,0.117,0
20131010,3,6.3,89.21,9.3,7.6,981.43,4.2,3.1,5.1,10.6,10.3,6,0.6,3.383,0
20131011,3,7.3,95.63,8.9,6.0,986.74,2.5,1.5,3.8,7.6,6.2,6,3.4,0.0,0
20131012,3,5.0,95.08,8.3,4.9,989.58,2.6,-0.4,1.2,7.8,6.3,6,1.5,0.433,0
20131013,3,7.3,82.58,8.9,8.1,986.69,7.4,5.8,6.3,9.6,15.2,6,2.8,0.383,0
20131014,3,6.8,79.71,10.1,10.4,984.96,6.1,6.5,7.8,12.7,13.8,6,1.5,1.7,0
20131015,3,6.2,86.5,10.2,9.4,980.84,6.5,7.0,8.0,11.5,13.6,6,1.9,0.933,0
20131016,3,7.1,87.83,10.6,9.7,985.25,4.0,2.4,5.9,12.4,13.8,6,0.2,2.833,0
20131017,3,6.0,91.38,12.9,12.1,986.65,6.3,8.7,10.3,13.4,16.8,6,2.3,0.35,0
20131018,3,5.8,90.04,12.7,12.1,989.83,2.9,7.5,9.4,16.3,6.2,0,0.0,4.75,0
20131019,3,5.2,79.21,13.3,14.5,983.14,5.2,4.0,7.0,19.9,12.3,6,0.0,5.433,0
20131020,3,6.7,82.29,14.5,15.5,984.83,6.4,11.3,12.4,18.2,15.5,6,0.8,0.933,0
20131021,3,6.0,81.54,14.0,15.2,985.9,6.7,11.3,12.4,18.8,12.5,6,0.0,3.533,0
20131022,3,5.0,79.04,15.8,17.5,979.2,6.7,13.9,14.3,21.7,15.4,6,10.0,6.617,0
20131023,3,6.3,79.88,14.5,16.0,978.63,8.2,12.7,13.3,18.3,17.7,6,0.1,4.95,0
20131024,3,4.0,85.75,12.6,12.8,989.11,2.9,7.6,9.9,16.7,8.0,6,0.0,5.717,0
20131025,3,7.7,82.88,14.7,15.5,984.52,6.0,9.4,10.9,18.8,14.0,6,12.2,0.5,0
20131026,3,5.4,83.88,15.8,16.6,983.96,7.1,13.6,14.6,19.2,14.4,0,0.0,4.167,0
20131027,3,5.0,76.58,12.3,14.0,977.86,10.4,10.3,11.4,16.2,22.8,6,5.2,2.417,0
20131028,3,7.0,76.79,11.8,13.3,973.19,11.8,8.3,9.6,15.9,26.4,6,5.1,0.583,0
20131029,3,4.3,80.92,9.4,9.2,984.47,8.1,6.0,7.0,11.7,17.4,6,1.3,4.15,0
20131030,3,1.5,82.25,8.5,7.5,994.97,4.9,3.7,5.0,11.4,10.4,0,0.0,7.883,0
20131031,3,4.9,75.79,8.6,9.0,994.76,6.7,4.5,5.8,12.5,13.2,6,0.0,7.383,0
20131101,3,7.9,88.29,10.3,9.2,986.98,5.6,7.2,7.8,10.3,11.0,6,10.0,0.0,0
20131102,3,7.7,90.42,12.2,11.3,974.65,8.0,8.0,8.8,14.1,19.3,6,5.2,0.017,0
20131103,3,6.1,84.25,8.8,7.5,975.53,8.7,5.4,5.8,8.9,17.5,6,2.4,2.383,0
20131104,3,6.5,88.21,9.9,8.5,963.08,8.7,3.7,4.9,12.8,21.3,6,5.0,1.217,0
20131105,3,6.1,88.38,8.2,5.8,968.98,7.3,1.9,3.2,8.4,16.9,6,9.3,0.95,0
20131106,3,7.7,89.92,11.1,9.8,974.56,7.3,5.9,6.3,13.6,16.3,6,7.2,0.017,0
20131107,3,8.0,94.92,13.0,11.7,979.54,6.5,8.9,9.0,13.4,17.9,6,25.3,0.0,0
20131108,3,7.6,92.42,11.3,9.9,979.71,3.4,7.8,7.9,12.0,15.7,6,1.8,0.0,0
20131109,3,5.3,81.96,8.6,7.7,980.22,8.6,5.0,5.9,9.2,16.4,6,1.4,4.533,0
20131110,3,5.7,90.17,7.9,5.0,983.05,4.6,0.1,2.6,6.8,11.5,8,2.1,1.017,0
20131111,3,3.3,80.96,7.2,5.4,1000.12,3.9,0.3,2.4,9.0,9.7,0,0.0,7.367,0
20131112,3,6.7,79.25,7.7,6.4,997.47,4.7,4.0,5.4,7.7,12.5,6,3.0,0.0,0
20131113,3,2.3,95.96,8.4,5.0,1002.65,2.1,-1.8,1.8,8.0,5.9,0,0.0,4.967,0
20131114,3,6.2,92.21,7.8,4.4,992.62,5.1,0.9,2.5,6.1,10.7,6,3.4,0.333,0
20131115,3,5.2,95.04,8.5,5.3,998.75,3.4,-2.0,0.4,7.4,9.1,6,0.0,1.267,0
20131116,3,4.5,99.88,6.5,0.9,1002.14,1.6,-3.8,-2.0,2.6,4.8,0,0.0,3.283,0
20131117,3,7.4,97.88,7.3,2.7,995.5,3.0,-0.4,0.1,4.9,9.9,6,0.0,0.0,0
20131118,3,6.9,87.21,6.9,3.5,983.6,3.7,-0.5,1.0,4.5,8.8,6,0.0,0.0,0
20131119,3,7.5,90.04,7.5,4.2,979.72,4.1,0.8,2.2,5.8,9.9,6,1.8,0.0,0
20131120,3,6.1,85.96,6.1,2.2,976.87,5.1,-1.3,-0.3,4.2,15.4,8,0.1,1.733,0
20131121,3,7.4,85.58,6.2,2.3,973.09,4.3,-1.1,0.8,3.9,10.1,8,0.6,0.0,0
20131122,3,8.0,89.17,6.3,2.0,982.66,4.3,0.2,0.6,3.4,10.4,6,0.1,0.0,0
20131123,3,7.7,94.79,7.4,3.4,990.1,3.5,-1.0,1.1,4.3,7.4,6,0.0,0.0,0
20131124,3,7.1,93.21,7.0,2.7,995.66,2.8,-2.1,0.2,5.2,8.5,6,1.4,0.0,0
20131125,3,6.2,88.5,6.6,2.8,1002.45,3.1,-3.0,0.0,4.7,10.7,6,0.1,0.0,0
20131126,3,6.3,92.67,6.1,1.0,1005.93,2.1,-5.4,-1.9,3.1,4.6,8,1.7,0.017,0
20131127,3,7.3,91.21,7.3,3.7,1004.82,2.1,1.3,2.3,5.5,5.1,6,0.4,0.15,0
20131128,3,8.0,96.29,8.4,4.9,1004.02,3.0,3.7,3.7,6.1,7.3,6,1.1,0.0,0
20131129,3,7.0,92.38,8.2,5.2,994.68,5.8,1.6,2.6,6.9,16.0,8,5.6,0.0,0
20131130,3,6.8,93.71,7.7,4.1,992.83,3.7,-0.4,2.3,6.3,9.5,6,0.2,0.0,0
20131201,3,6.8,95.92,8.1,4.6,1001.82,2.4,0.4,2.9,6.0,5.1,6,0.1,1.717,0
20131202,3,5.4,87.63,7.5,4.7,1003.76,3.9,-3.3,0.7,6.9,9.9,0,0.0,3.117,0
20131203,3,4.1,81.92,5.9,2.3,1000.18,2.1,-4.9,-0.5,5.4,6.6,6,0.0,6.5,0
20131204,3,7.8,92.33,7.2,3.3,998.41,4.9,-0.2,0.4,5.5,9.8,6,1.3,0.0,0
20131205,3,5.4,86.79,6.6,3.0,992.9,8.7,-0.9,0.6,6.6,23.6,8,2.8,0.0,0
20131206,3,5.9,72.21,5.1,2.0,993.51,8.7,0.1,1.1,2.9,16.1,8,0.1,0.95,0
20131207,3,7.5,89.25,7.3,3.9,997.53,5.7,0.0,0.9,6.2,11.3,6,2.4,0.0,0
20131208,3,7.4,88.04,8.4,6.2,997.69,6.0,4.2,5.0,7.6,12.5,6,0.0,0.083,0
20131209,3,5.5,84.13,7.8,5.9,1001.64,6.2,-0.3,3.7,8.5,12.4,0,0.0,1.85,0
20131210,3,1.2,83.21,7.5,5.5,1005.64,1.7,-2.8,2.0,10.8,5.2,0,0.0,6.767,0
20131211,3,0.0,86.25,7.1,4.2,1004.19,2.3,-4.3,-0.7,8.4,4.6,0,0.0,6.767,0
20131212,3,1.0,84.21,5.7,1.7,1000.11,2.8,-4.8,-1.7,6.1,8.3,0,0.0,6.683,0
20131213,3,0.8,75.17,6.1,3.8,995.68,5.2,-1.1,1.4,7.1,11.8,6,2.1,6.733,0
20131214,3,6.5,88.38,7.5,4.5,998.08,6.4,0.4,1.3,6.4,18.2,6,0.6,0.133,0
20131215,3,6.3,69.0,6.9,7.0,998.49,8.0,4.1,5.2,9.4,19.4,6,0.2,0.517,0
20131216,3,4.8,58.71,6.7,9.0,996.2,7.9,3.6,5.6,13.4,15.3,0,0.0,6.583,0
20131217,3,6.8,63.58,7.0,8.3,995.26,5.3,1.2,5.6,10.6,13.6,0,0.0,5.067,0
20131218,3,6.6,76.0,8.2,8.1,988.7,7.3,5.9,7.2,9.5,16.8,6,2.3,1.617,0
20131219,3,5.5,83.96,8.4,7.0,978.88,7.5,0.4,3.0,10.7,18.9,6,1.1,0.867,0
20131220,3,3.3,83.83,7.1,4.6,994.7,6.7,2.1,3.2,6.7,13.9,6,0.0,5.767,0
20131221,3,6.6,68.58,6.1,5.3,995.44,10.8,2.5,3.9,6.6,22.8,6,0.8,0.0,0
20131222,3,7.3,84.88,8.5,7.0,987.5,10.4,3.1,4.1,8.9,19.4,8,3.1,0.083,0
20131223,3,6.4,77.21,8.2,7.8,983.58,9.2,3.8,5.0,10.7,23.1,6,0.0,3.25,0
20131224,3,8.0,75.83,9.2,9.8,964.82,12.5,6.3,6.5,11.0,26.1,6,14.0,0.0,0
20131225,3,6.1,83.46,8.3,6.8,962.79,5.5,-1.5,3.1,10.3,17.7,6,0.0,0.133,0
20131226,3,6.2,88.63,7.6,4.7,969.9,4.4,0.9,2.9,6.3,10.4,6,0.1,0.017,0
20131227,3,6.3,80.33,8.4,7.4,970.45,11.1,2.6,4.1,11.4,23.5,6,10.2,0.533,0
20131228,3,7.6,90.75,9.0,6.8,972.91,4.3,4.2,5.1,11.5,17.6,6,2.9,0.867,0
20131229,3,4.3,88.75,7.3,4.1,987.97,6.2,1.2,2.5,5.1,13.1,6,4.6,0.717,0
20131230,3,5.0,77.38,6.4,4.2,993.53,7.8,0.5,2.5,5.4,16.1,6,0.2,4.517,0
20131231,3,6.5,67.79,6.4,6.2,985.82,7.3,3.1,4.3,9.3,14.8,6,0.7,3.567,0
20140101,3,6.1,77.0,7.6,6.9,979.08,8.3,3.0,4.5,9.5,17.5,6,0.0,4.233,0
20140102,3,5.5,81.0,8.9,8.3,973.15,8.5,4.7,6.3,9.6,17.8,6,0.1,0.467,0
20140103,3,5.0,78.38,8.9,8.8,976.68,9.4,4.6,4.9,11.3,25.8,8,6.0,1.8,0
20140104,3,5.1,76.71,8.1,7.8,974.52,7.6,3.8,5.3,10.3,15.4,6,1.4,0.0,0
20140105,3,4.7,82.79,7.4,5.3,978.3,6.8,2.6,3.6,7.5,17.5,0,0.0,4.667,0
20140106,3,6.7,80.67,10.3,10.5,977.64,11.0,5.3,6.4,13.1,19.5,6,0.2,0.367,0
20140107,3,4.2,76.96,9.6,10.2,984.0,9.2,7.1,8.4,12.7,18.8,6,1.4,4.95,0
20140108,3,6.4,80.5,9.6,9.5,989.02,7.2,5.6,7.6,11.3,20.8,6,1.2,3.983,0
20140109,3,7.3,81.71,9.6,9.2,981.19,9.4,4.0,5.2,11.7,18.6,6,1.3,0.15,0
20140110,3,3.5,85.63,7.4,4.9,988.55,6.1,1.7,3.1,7.5,12.2,0,0.0,4.133,0
20140111,3,4.4,86.17,7.3,4.6,989.97,6.1,-0.3,1.7,8.2,14.3,6,1.0,1.2,0
20140112,3,4.5,76.42,5.9,3.4,993.29,2.9,-3.5,0.3,6.9,14.1,0,0.0,6.833,0
20140113,3,5.4,82.88,7.9,6.3,983.06,7.0,2.6,3.7,8.3,15.6,6,0.1,3.383,0
20140114,3,5.7,83.92,7.3,5.0,978.27,3.9,-1.6,1.9,8.1,11.0,6,0.5,2.683,0
20140115,3,7.3,86.54,6.9,3.7,979.15,7.0,0.7,1.9,6.2,15.2,6,0.8,0.0,0
20140116,3,6.5,84.29,8.5,7.1,972.19,7.3,4.6,6.0,8.0,14.1,6,0.0,0.45,0
20140117,3,5.8,74.96,7.7,7.4,972.03,7.1,4.6,6.5,9.2,14.8,6,0.0,2.017,0
20140118,3,6.5,73.29,7.1,6.6,972.04,4.7,1.4,2.8,10.7,10.9,6,0.0,5.833,0
20140119,3,7.1,83.67,7.6,5.6,971.04,3.4,0.8,3.2,10.1,9.9,6,0.0,1.133,0
20140120,3,7.9,96.79,7.7,3.6,976.93,2.2,0.6,0.9,5.0,5.6,8,4.3,0.0,0
20140121,3,7.8,95.88,7.0,2.5,983.75,3.3,0.9,0.9,4.6,7.4,8,0.0,0.0,0
20140122,3,5.5,84.92,5.9,1.8,984.42,2.2,-3.7,-0.6,5.3,7.3,0,0.0,6.567,0
20140123,3,7.1,89.54,6.5,2.3,984.33,5.4,-1.5,0.3,3.9,13.1,6,2.7,0.0,0
20140124,3,6.9,89.67,6.5,2.4,987.36,3.5,-2.7,0.8,3.8,10.3,6,0.0,0.0,0
20140125,3,6.5,79.83,5.8,2.4,987.26,5.0,-3.4,-0.5,4.4,22.6,6,4.4,0.117,0
20140126,3,7.4,84.54,6.8,3.9,976.89,8.5,1.6,2.9,6.3,19.2,8,5.8,0.517,0
20140127,3,6.8,86.17,6.5,2.9,967.16,7.7,0.1,0.5,5.9,15.2,8,1.3,0.25,0
20140128,3,3.8,76.42,5.8,3.1,969.07,6.7,-1.3,0.6,4.6,14.1,0,0.0,5.267,0
20140129,3,5.5,78.04,5.2,1.2,970.92,6.2,-2.5,-0.8,4.0,12.7,0,0.0,6.85,0
20140130,3,5.8,83.04,5.9,2.1,976.89,3.0,-4.0,-1.1,5.9,7.1,0,0.0,1.883,0
20140131,3,4.2,76.75,6.1,3.8,978.43,4.4,-3.9,-0.2,8.0,15.8,0,0.0,7.017,0
20140201,3,7.8,79.63,7.2,5.4,971.8,8.3,3.1,4.3,6.5,18.6,6,2.1,0.0,0
20140202,3,2.1,77.04,6.5,4.6,983.85,6.1,1.1,2.9,7.6,12.5,0,0.0,7.95,0
20140203,3,2.5,82.04,6.2,3.0,982.8,3.9,-4.1,-0.5,6.3,10.1,0,0.0,7.95,0
20140204,3,4.2,72.25,6.5,5.5,978.76,6.6,1.3,3.8,8.1,14.7,0,0.0,5.367,0
20140205,3,5.1,72.92,7.0,6.4,969.07,9.9,3.0,4.9,7.9,19.8,6,0.0,1.65,0
20140206,3,5.4,72.75,7.4,7.3,972.61,9.3,4.0,5.3,10.4,18.4,6,3.6,3.75,0
20140207,3,6.1,78.17,7.9,7.3,966.98,10.8,2.3,3.8,11.1,26.2,6,4.7,0.033,0
20140208,3,6.3,77.83,7.3,6.0,964.71,10.1,2.7,4.2,7.6,21.6,6,0.3,0.083,0
20140209,3,4.7,70.33,6.1,4.9,965.86,11.2,2.3,3.6,6.4,21.7,0,0.0,2.383,0
20140210,3,7.4,80.58,6.4,3.8,967.49,4.3,0.8,2.3,6.6,9.9,6,1.7,0.0,0
20140211,3,7.0,77.5,6.6,4.8,974.05,8.2,2.3,3.1,6.9,16.6,6,1.4,4.517,0
20140212,3,4.4,77.46,6.5,4.6,976.14,8.9,1.1,2.4,7.5,21.5,6,0.2,7.45,0
20140213,1,6.0,84.0,7.1,4.5,968.5,7.5,1.1,2.4,5.8,16.3,6,2.0,0.0,0
20140214,1,6.3,81.04,7.2,5.1,974.04,8.9,0.5,1.7,11.2,21.5,6,3.4,2.167,0
20140215,1,7.1,67.92,8.0,9.4,969.88,11.4,4.9,6.0,11.8,21.3,6,2.6,0.733,0
20140216,1,4.8,81.33,7.5,5.9,981.06,7.5,2.4,4.0,8.3,17.1,6,0.1,3.95,0
20140217,1,5.1,78.88,7.3,6.0,985.68,5.5,1.7,4.2,9.3,12.2,6,0.0,5.2,0
20140218,1,7.6,69.63,6.8,6.7,985.21,4.1,2.3,5.1,8.0,10.6,6,0.8,0.0,0
20140219,1,7.3,87.63,8.5,6.4,985.32,4.9,4.3,5.4,8.3,11.7,6,1.2,0.45,0
20140220,1,6.2,83.42,8.7,7.6,981.15,7.9,3.2,4.7,9.8,16.7,6,3.9,3.55,0
20140221,1,4.3,84.29,7.8,5.8,979.23,6.3,2.0,3.4,7.7,13.8,6,2.8,2.95,0
20140222,1,3.7,82.83,6.8,4.1,985.7,6.8,1.5,2.7,5.9,12.5,6,0.7,0.883,0
20140223,1,3.5,76.33,7.1,6.0,991.19,6.6,1.4,2.9,9.6,13.6,0,0.0,7.867,0
20140224,1,4.8,62.58,7.0,8.7,985.28,5.0,-2.3,2.8,12.5,11.9,0,0.0,8.817,0
20140225,1,6.4,69.04,7.9,8.9,981.7,6.8,5.2,6.8,11.0,14.1,6,2.9,2.75,0
20140226,1,5.0,81.63,8.0,6.8,987.89,4.1,-0.2,3.6,10.1,9.4,0,0.0,5.533,0
20140227,1,5.0,81.63,7.0,4.7,985.79,6.8,1.6,3.2,7.6,17.0,6,2.3,2.283,0
20140228,1,5.7,80.67,7.1,5.1,974.2,4.7,0.6,2.4,7.2,10.0,6,0.1,3.45,0
20140301,1,6.1,81.08,6.8,4.5,973.28,3.8,-2.6,0.8,8.2,10.4,8,0.4,3.667,0
20140302,1,4.8,77.5,6.4,4.4,974.21,4.8,-0.4,1.4,7.5,13.9,0,0.0,7.35,0
20140303,1,5.7,72.5,6.5,5.4,963.8,5.5,-0.2,2.4,9.2,13.1,6,0.0,1.65,0
20140304,1,4.9,75.54,6.8,5.6,975.63,3.5,-2.3,2.1,10.0,8.8,0,0.0,6.883,0
20140305,1,2.0,77.96,6.8,5.1,991.51,2.5,-3.3,1.1,10.2,6.1,0,0.0,7.567,0
20140306,1,0.5,60.58,6.1,7.3,999.77,2.5,-5.0,0.8,12.8,6.2,0,0.0,10.067,0
20140307,1,5.5,66.0,7.1,8.2,998.17,3.3,-4.2,3.6,12.8,9.6,0,0.0,7.433,0
20140308,1,3.4,60.88,7.7,11.3,1001.63,3.7,0.3,4.0,18.2,9.8,0,0.0,10.133,0
20140309,1,1.8,35.04,5.5,14.0,999.22,3.6,-0.8,6.4,20.8,14.5,0,0.0,10.383,0
20140310,1,0.1,46.54,6.3,11.7,997.38,2.7,-2.3,4.8,17.1,7.1,0,0.0,10.35,0
20140311,1,2.4,84.67,8.9,7.9,1002.01,3.5,2.6,4.4,13.2,7.3,0,0.0,5.3,0
20140312,1,0.0,68.58,7.8,9.3,1002.55,3.5,-1.5,1.9,16.0,6.8,0,0.0,10.467,0
20140313,1,0.0,48.25,6.8,12.3,1000.45,2.3,-1.0,6.1,17.5,4.8,0,0.0,10.25,0
20140314,1,1.8,72.71,8.4,9.2,997.89,2.5,-2.2,3.9,14.8,8.6,6,0.0,9.667,0
